cus_id,First Name,Second Name,Age (Years),Sex,Vehicle Make,Vehicle Model,Vehicle Year,Vehicle Type
LynneHudson37,Lynne,Hudson,37,Female,Subaru,Forte,1993,Convertible
JustinWalker29,Justin,Walker,29,Male,Toyota,Continental,2012,Sedan
MariaJones66,Maria,Jones,66,Female,Mitsubishi,Yukon XL 2500,2014,Van/Minivan
SamanthaNorman19,Samantha,Norman,19,Female,Aston Martin,Silverado 3500 HD Regular Cab,1995,SUV
BarryGray83,Barry,Gray,83,Male,Dodge,Aventador,2019,Coupe
AnthonyYoung19,Anthony,Young,19,Male,Volvo,Viper,2017,"Coupe, Sedan"
OliviaReid51,Olivia,Reid,51,Female,Jaguar,RX,2020,Hatchback
DylanWilliams85,Dylan,Williams,85,Male,Toyota,F150 Regular Cab,2009,Coupe
EileenAndrews33,Eileen,Andrews,33,Female,Lincoln,X5,1998,Pickup
OwenDoherty21,Owen,Doherty,21,Male,Honda,Magnum,2006,Van/Minivan
JayneBriggs22,Jayne,Briggs,22,Female,Hyundai,Silverado 1500 LD Double Cab,2008,"Hatchback, Convertible"
CallumEvans69,Callum,Evans,69,Male,Toyota,500 E,1997,Pickup
GlenEdwards54,Glen,Edwards,54,Male,Hyundai,Ram 2500 Club Cab,1996,Pickup
DenisCook57,Denis,Cook,57,Male,Chrysler,Express 3500 Passenger,2015,Sedan
BrendaBibi90,Brenda,Bibi,90,Female,INFINITI,Firebird,2008,Van/Minivan
JoanneFisher74,Joanne,Fisher,74,Female,GMC,Sierra 3500 Regular Cab,1995,Sedan
MarcWilliams28,Marc,Williams,28,Male,Jeep,Suburban 1500,2002,SUV
MariaGilbert58,Maria,Gilbert,58,Female,Ford,Tacoma Xtracab,1994,"Hatchback, Sedan"
JenniferSharp53,Jennifer,Sharp,53,Female,Audi,Pathfinder,2006,Pickup
ElliottClarke72,Elliott,Clarke,72,Male,Mercury,Tundra Double Cab,2018,Sedan
HilaryMcDonald50,Hilary,McDonald,50,Female,Dodge,300,2010,Van/Minivan
CliffordTomlinson77,Clifford,Tomlinson,77,Male,Chevrolet,Savana 2500 Passenger,2005,SUV
LeeArcher32,Lee,Archer,32,Male,Ford,Clubman,2010,Sedan
LeighThompson55,Leigh,Thompson,55,Male,BMW,Elise,2002,Convertible
ThomasHarris57,Thomas,Harris,57,Male,Nissan,Accent,2007,Pickup
MaureenRichardson57,Maureen,Richardson,57,Female,Nissan,Neon,2013,SUV
SusanHall62,Susan,Hall,62,Female,Toyota,Silverado 2500 HD Crew Cab,1992,Sedan
GuyReid43,Guy,Reid,43,Male,Cadillac,2 Series,2015,SUV
DarrenEdwards77,Darren,Edwards,77,Male,Mercedes-Benz,S60,2003,"Wagon, Sedan"
KellyWilliams61,Kelly,Williams,61,Female,Bentley,SSR,2009,"Convertible, Coupe"
GuyBegum57,Guy,Begum,57,Male,MINI,Town Car,2013,Coupe
RebeccaColeman67,Rebecca,Coleman,67,Female,Chevrolet,Fusion,2006,Sedan
BenjaminTaylor22,Benjamin,Taylor,22,Male,Eagle,Countryman,2016,Hatchback
StewartCrawford25,Stewart,Crawford,25,Male,Porsche,Raider Extended Cab,2014,SUV
PaulineHunter48,Pauline,Hunter,48,Female,Chevrolet,RDX,2004,Van/Minivan
JayneLee33,Jayne,Lee,33,Female,Ferrari,F350 Super Duty Regular Cab,2004,SUV
HowardMorris59,Howard,Morris,59,Male,Toyota,Sprinter 2500 Crew,2008,Pickup
DamienBurrows88,Damien,Burrows,88,Male,Ford,R-Class,1996,Sedan
MathewJones73,Mathew,Jones,73,Male,MAZDA,1500 Club Coupe,1999,SUV
RachelJones66,Rachel,Jones,66,Female,Toyota,Tempo,2017,Van/Minivan
GuyMitchell27,Guy,Mitchell,27,Male,GMC,Sportage,2010,"Sedan, Coupe"
KatyGilbert50,Katy,Gilbert,50,Female,Chevrolet,Phantom,1992,Convertible
GaryCole79,Gary,Cole,79,Male,Cadillac,Convertible,2010,"Hatchback, Convertible"
MarieMason26,Marie,Mason,26,Female,Hyundai,Suburban 1500,1996,SUV
HannahCooke67,Hannah,Cooke,67,Female,MAZDA,Sprinter 2500 Passenger,2004,SUV
EdwardRobinson68,Edward,Robinson,68,Male,Toyota,3-Sep,2000,SUV
EleanorBrown75,Eleanor,Brown,75,Female,Chevrolet,F450 Super Duty Crew Cab,2005,Hatchback
GlennBurke37,Glenn,Burke,37,Male,Acura,Econoline E250 Cargo,2014,Sedan
LewisColeman47,Lewis,Coleman,47,Male,Dodge,CX-9,2013,Pickup
ArthurMoore69,Arthur,Moore,69,Male,Cadillac,M-Class,2018,SUV
DouglasWeston51,Douglas,Weston,51,Male,MAZDA,RAV4,2010,Van/Minivan
GeorginaO'Neill78,Georgina,O'Neill,78,Female,Dodge,Bonneville,2017,"Hatchback, Convertible"
NaomiAllan37,Naomi,Allan,37,Female,GMC,Eos,2014,Pickup
JulianYoung69,Julian,Young,69,Male,GMC,Phaeton,2006,Hatchback
HughSmith81,Hugh,Smith,81,Male,Dodge,Sprinter 2500 Crew,2020,Convertible
DylanKerr67,Dylan,Kerr,67,Male,Toyota,1500 Regular Cab,2018,SUV
FionaPowell41,Fiona,Powell,41,Female,Mitsubishi,Model X,2013,Hatchback
CarlJennings75,Carl,Jennings,75,Male,Aston Martin,Intrepid,2019,Sedan
GeorgiaAustin36,Georgia,Austin,36,Female,GMC,Sonata,1999,Pickup
DannyJones90,Danny,Jones,90,Male,Chevrolet,Concorde,2005,SUV
DenisHope85,Denis,Hope,85,Male,Ford,Savana 3500 Passenger,2012,"Coupe, Convertible"
TracyHolloway55,Tracy,Holloway,55,Female,Lincoln,Optima,2008,SUV
CarolineHarris31,Caroline,Harris,31,Female,GMC,Land Cruiser,2003,Pickup
AdrianTaylor20,Adrian,Taylor,20,Male,Hyundai,SVX,2009,Pickup
DianeGoodwin77,Diane,Goodwin,77,Female,Chevrolet,Econoline E250 Cargo,2015,Pickup
SusanBenson70,Susan,Benson,70,Female,Cadillac,S6,1992,Van/Minivan
RebeccaFord68,Rebecca,Ford,68,Female,Nissan,300M,2000,"Sedan, Wagon, Coupe"
ChelseaJohnson39,Chelsea,Johnson,39,Female,Jeep,STS,2005,SUV
JoshuaSmith90,Joshua,Smith,90,Male,Audi,Silverado 1500 Extended Cab,2008,Pickup
ShannonPrice21,Shannon,Price,21,Female,Cadillac,Optima (2006.5),2017,Pickup
AndreaThomas51,Andrea,Thomas,51,Female,Toyota,S10 Extended Cab,1992,Pickup
JuneO'Brien27,June,O'Brien,27,Female,Acura,Terrain,2005,Pickup
LewisChapman71,Lewis,Chapman,71,Male,Hyundai,Prius Plug-in Hybrid,2008,"Coupe, Convertible, Sedan, Wagon"
HazelThomson64,Hazel,Thomson,64,Female,MAZDA,Tundra Regular Cab,2007,Sedan
MichaelGriffiths52,Michael,Griffiths,52,Male,Jeep,Aveo,2000,SUV
DamianDaniels91,Damian,Daniels,91,Male,Honda,Camry,2006,SUV
BarbaraConway21,Barbara,Conway,21,Female,Dodge,Escalade ESV,2014,SUV
RickyDaly19,Ricky,Daly,19,Male,Chevrolet,I,2008,Sedan
LindseyMcDonald53,Lindsey,McDonald,53,Female,Audi,Equator Crew Cab,2016,Van/Minivan
DonnaStokes43,Donna,Stokes,43,Female,Pontiac,Discovery Sport,2016,"Sedan, Wagon"
FrederickHarris21,Frederick,Harris,21,Male,GMC,Express 1500 Passenger,1999,Van/Minivan
RyanKent85,Ryan,Kent,85,Male,Volvo,F150 SuperCrew Cab,1997,Van/Minivan
JosephEdwards87,Joseph,Edwards,87,Male,Audi,ES,2008,"Sedan, Coupe, Convertible, Wagon"
DanielMartin48,Daniel,Martin,48,Male,Chevrolet,QX60,2003,Pickup
JasonBarnes84,Jason,Barnes,84,Male,Jaguar,Avalon,1997,Wagon
KayleighHolmes64,Kayleigh,Holmes,64,Female,Dodge,A3,2003,Pickup
MitchellEdwards20,Mitchell,Edwards,20,Male,Volkswagen,Dakota Club Cab,1998,Coupe
LindseyBailey23,Lindsey,Bailey,23,Female,Toyota,Mustang,2007,Hatchback
NicholasBarlow52,Nicholas,Barlow,52,Male,GMC,Jetta,2016,Pickup
MargaretHarris23,Margaret,Harris,23,Female,Nissan,Matrix,2002,"Sedan, Hatchback"
DeborahFowler84,Deborah,Fowler,84,Female,Dodge,Metris Passenger,1994,Wagon
AlisonBrooks82,Alison,Brooks,82,Female,Chevrolet,Sprinter 2500 Passenger,2001,"Sedan, Convertible"
HughMoore54,Hugh,Moore,54,Male,Toyota,Expedition,1993,Sedan
AbbiePrice37,Abbie,Price,37,Female,Chevrolet,Aztek,2006,Sedan
ChristopherGray61,Christopher,Gray,61,Male,Honda,Monte Carlo,2000,Wagon
CatherineJones78,Catherine,Jones,78,Female,BMW,S10 Extended Cab,2009,Pickup
AbbieDoherty76,Abbie,Doherty,76,Female,Ram,ProMaster Window Van,2009,SUV
CharleneParkin57,Charlene,Parkin,57,Female,Porsche,Tundra CrewMax,2007,"Sedan, Wagon"
AnnO'Neill79,Ann,O'Neill,79,Female,Jeep,Express 1500 Cargo,1993,Sedan
SophieEdwards59,Sophie,Edwards,59,Female,Volkswagen,Navigator,2013,Sedan
RachelJones49,Rachel,Jones,49,Female,Chevrolet,Wrangler,1993,"Sedan, Wagon"
MarcArmstrong55,Marc,Armstrong,55,Male,Mercedes-Benz,M-Class,1997,Van/Minivan
TimothyGordon32,Timothy,Gordon,32,Male,Chrysler,Laser,2008,SUV
KateGreen76,Kate,Green,76,Female,Audi,626,2014,Van/Minivan
LukeButcher32,Luke,Butcher,32,Male,GMC,1500 Regular Cab,2004,Coupe
AlexCarr70,Alex,Carr,70,Male,BMW,Range Rover,2015,Van/Minivan
CharlieHussain35,Charlie,Hussain,35,Male,INFINITI,Taurus,2011,Coupe
StephanieAustin28,Stephanie,Austin,28,Female,BMW,Transit 350 HD Van,2008,"Coupe, Convertible"
GeorginaDaniels76,Georgina,Daniels,76,Female,MINI,S4,2008,Convertible
DennisShaw36,Dennis,Shaw,36,Male,Toyota,Express 3500 Passenger,1996,SUV
KimberleyBailey81,Kimberley,Bailey,81,Female,Dodge,Genesis,2008,"Sedan, Wagon"
JosephHughes50,Joseph,Hughes,50,Male,Ford,MX-6,2004,SUV
JeremyDavies28,Jeremy,Davies,28,Male,Acura,Intrepid,2009,Sedan
NormanParkinson45,Norman,Parkinson,45,Male,Dodge,Mercedes-AMG GT,2008,SUV
LewisPhillips53,Lewis,Phillips,53,Male,Lamborghini,Cayenne,2000,Pickup
HughWilliams70,Hugh,Williams,70,Male,Hyundai,Taurus,2003,SUV
StevenWilson38,Steven,Wilson,38,Male,Mitsubishi,MKZ,2014,"Hatchback, Convertible"
ClaireWilliams61,Claire,Williams,61,Female,MAZDA,Vandura 3500,1993,Sedan
AlbertFisher19,Albert,Fisher,19,Male,Isuzu,GTI,2011,Van/Minivan
MarcCook31,Marc,Cook,31,Male,Nissan,fortwo electric drive,2019,Sedan
MichelleDavison41,Michelle,Davison,41,Female,Cadillac,Sprinter WORKER Cargo,2003,Convertible
PaulaTaylor89,Paula,Taylor,89,Female,Ford,Sentra,2016,SUV
LukeWilliams77,Luke,Williams,77,Male,Buick,S80,1993,Sedan
GaryMiller30,Gary,Miller,30,Male,Dodge,RX,1995,Sedan
LesleyPatterson24,Lesley,Patterson,24,Female,Audi,Silverado 1500 Double Cab,2019,Sedan
MathewLambert58,Mathew,Lambert,58,Male,Mitsubishi,Neon,2019,"Coupe, Convertible"
PatrickNorton35,Patrick,Norton,35,Male,Mercury,MKC,2002,SUV
DarrenSaunders27,Darren,Saunders,27,Male,BMW,Frontier Crew Cab,2001,Pickup
IainO'Brien65,Iain,O'Brien,65,Male,Nissan,Sierra 2500 Regular Cab,2016,Pickup
SallyThomas62,Sally,Thomas,62,Female,Mercedes-Benz,S7,2018,SUV
ElliotWhite70,Elliot,White,70,Male,Dodge,Savana 3500 Cargo,2016,Van/Minivan
CatherineRose87,Catherine,Rose,87,Female,Hyundai,Wraith,1999,Pickup
GuyEvans44,Guy,Evans,44,Male,Pontiac,Titan Crew Cab,2001,Sedan
DanielleSullivan47,Danielle,Sullivan,47,Female,Chevrolet,Taycan,2009,Hatchback
PatrickFisher21,Patrick,Fisher,21,Male,Pontiac,Savana 3500 Passenger,2007,"Hatchback, Coupe, Convertible"
KatePugh77,Kate,Pugh,77,Female,Ford,Forte Koup,2009,Sedan
EileenJohnson37,Eileen,Johnson,37,Female,Scion,SC,1997,"Sedan, Wagon, Convertible"
JadeLewis51,Jade,Lewis,51,Female,Buick,I,1995,Coupe
GemmaO'Brien87,Gemma,O'Brien,87,Female,Isuzu,Topaz,2002,SUV
JoshuaLane29,Joshua,Lane,29,Male,Buick,Pacifica,2008,Coupe
KarenConnolly20,Karen,Connolly,20,Female,Nissan,Camry,2014,SUV
HeatherWalker42,Heather,Walker,42,Female,Hyundai,Grand Prix,2004,SUV
KayleighAllen61,Kayleigh,Allen,61,Female,Land Rover,Express 1500 Passenger,1999,Pickup
KarenBaxter38,Karen,Baxter,38,Female,Mitsubishi,XK,2018,Sedan
ArthurLawson70,Arthur,Lawson,70,Male,smart,Blazer,2015,Coupe
MartynWard50,Martyn,Ward,50,Male,Nissan,TL,2004,SUV
GeorginaChapman23,Georgina,Chapman,23,Female,Saturn,ATS,2019,SUV
StaceyBrown51,Stacey,Brown,51,Female,BMW,Caliber,2014,Coupe
RickyYoung60,Ricky,Young,60,Male,Audi,Civic,2004,Pickup
KarlKnight79,Karl,Knight,79,Male,GMC,LS,2006,SUV
SaraTaylor27,Sara,Taylor,27,Female,Aston Martin,Q5,1995,"Hatchback, Sedan"
HowardFaulkner40,Howard,Faulkner,40,Male,Buick,Accord,2000,Sedan
IainDixon64,Iain,Dixon,64,Male,Volvo,C/V,2012,SUV
JodieCross86,Jodie,Cross,86,Female,Cadillac,SQ5,2016,"Coupe, Convertible"
LaurenWalker48,Lauren,Walker,48,Female,MAZDA,Vibe,2017,"Hatchback, Convertible"
LeonardRobinson88,Leonard,Robinson,88,Male,Kia,Maxima,2020,Sedan
PatriciaLee67,Patricia,Lee,67,Female,Volvo,Avalon,2017,"Coupe, Convertible"
MandyParsons52,Mandy,Parsons,52,Female,Oldsmobile,Taurus,2004,SUV
JoshCooper42,Josh,Cooper,42,Male,Acura,Cabrio,2008,"Coupe, Convertible"
ReeceWilson20,Reece,Wilson,20,Male,Mercedes-Benz,F250 Regular Cab,2007,"Sedan, Wagon"
AllanMartin27,Allan,Martin,27,Male,Cadillac,Mulsanne,2015,Van/Minivan
PaulaDavies53,Paula,Davies,53,Female,Hyundai,Ram 2500 Quad Cab,1999,Sedan
EmilyMorris36,Emily,Morris,36,Female,Volvo,TITAN XD Crew Cab,2018,Sedan
KimberleyLee89,Kimberley,Lee,89,Female,Chevrolet,Intrigue,2004,"Sedan, Wagon"
JanetBriggs32,Janet,Briggs,32,Female,Mercedes-Benz,Stratus,2017,Coupe
GeraldPearson75,Gerald,Pearson,75,Male,Honda,Sentra,2011,SUV
LydiaHarvey77,Lydia,Harvey,77,Female,Mercury,Hombre Regular Cab,1993,Van/Minivan
JulianDavidson47,Julian,Davidson,47,Male,Chevrolet,Alero,2007,Sedan
SandraGreen43,Sandra,Green,43,Female,Buick,Yaris,2010,SUV
GillianJohnson64,Gillian,Johnson,64,Female,Chevrolet,Silverado (Classic) 2500 HD Extended Cab,2007,Van/Minivan
AimeeTaylor54,Aimee,Taylor,54,Female,Bentley,S10 Crew Cab,2017,Wagon
JakeCox47,Jake,Cox,47,Male,Dodge,1 Series,1997,Sedan
LaurenAtkinson21,Lauren,Atkinson,21,Female,Kia,Prius,1997,Sedan
AshleyCooper31,Ashley,Cooper,31,Male,Toyota,Jetta,2011,Convertible
ZoeLamb68,Zoe,Lamb,68,Female,Porsche,fortwo,2009,Sedan
VictoriaStephens71,Victoria,Stephens,71,Female,MAZDA,Touareg,2013,Sedan
NatashaDean63,Natasha,Dean,63,Female,Chrysler,Lancer,2010,Hatchback
MichaelHoward85,Michael,Howard,85,Male,Toyota,Sentra,2008,SUV
JustinRobinson26,Justin,Robinson,26,Male,Chevrolet,Silverado 2500 HD Double Cab,2007,Sedan
JadeWatts37,Jade,Watts,37,Female,Mitsubishi,Vandura G3500,2002,Pickup
MarilynGill83,Marilyn,Gill,83,Female,Rolls-Royce,Optima,1994,Pickup
BethanyWhite84,Bethany,White,84,Female,Ford,Explorer,2000,"Sedan, Wagon"
DerekRiley42,Derek,Riley,42,Male,Honda,Suburban 2500,2013,Pickup
MargaretJennings87,Margaret,Jennings,87,Female,Ford,ILX,2017,SUV
SophieNaylor28,Sophie,Naylor,28,Female,Ferrari,9-7X,2014,Sedan
LesleyRyan85,Lesley,Ryan,85,Female,Pontiac,2500 Regular Cab,2003,"Sedan, Wagon, Convertible, Coupe"
KarlMiles72,Karl,Miles,72,Male,Kia,Sentra,2007,SUV
RickyCrawford84,Ricky,Crawford,84,Male,Mitsubishi,124 Spider,2012,Pickup
NicholasSpencer71,Nicholas,Spencer,71,Male,GMC,RAV4,2002,SUV
LawrenceFord77,Lawrence,Ford,77,Male,GMC,Mirage G4,2014,Pickup
NormanBradley26,Norman,Bradley,26,Male,Ram,Virage,2013,Pickup
LorraineSimpson35,Lorraine,Simpson,35,Female,Saab,Corolla,2006,"Convertible, Coupe"
RickySmith26,Ricky,Smith,26,Male,Kia,LX,2015,Wagon
DamianHughes74,Damian,Hughes,74,Male,INFINITI,XC90,1993,SUV
MaureenMarshall73,Maureen,Marshall,73,Female,Porsche,Silverado 1500 Extended Cab,2009,Sedan
BethanSlater53,Bethan,Slater,53,Female,Land Rover,Canyon Regular Cab,2000,Sedan
PaulaField42,Paula,Field,42,Female,INFINITI,Focus ST,2008,Sedan
HayleyJarvis48,Hayley,Jarvis,48,Female,INFINITI,Envision,2012,Hatchback
NicholasPrice82,Nicholas,Price,82,Male,Toyota,Hardtop 2 Door,2003,Van/Minivan
TerryWalters47,Terry,Walters,47,Male,Nissan,Ramcharger,1999,SUV
CarolBrown18,Carol,Brown,18,Female,Ford,Elise,2019,Sedan
LesleyKelly68,Lesley,Kelly,68,Female,Maserati,GS,2018,SUV
AlexanderBennett23,Alexander,Bennett,23,Male,Dodge,Outlander,1997,SUV
GuyPotter56,Guy,Potter,56,Male,Lexus,Mountaineer,2010,Sedan
ScottNewman20,Scott,Newman,20,Male,Ford,Taurus,2016,Sedan
ZoeDavies79,Zoe,Davies,79,Female,Saab,Compass,2011,"Coupe, Convertible"
DonaldBell47,Donald,Bell,47,Male,GMC,CC,2013,SUV
JuneLamb27,June,Lamb,27,Female,Ford,XT5,2006,Wagon
KellyDodd60,Kelly,Dodd,60,Female,GMC,Ram Van 3500,2014,Pickup
ScottWong37,Scott,Wong,37,Male,Chevrolet,Transit Connect Cargo,1995,SUV
StevenCooke60,Steven,Cooke,60,Male,Chevrolet,Sebring,1998,SUV
NicholasRichardson23,Nicholas,Richardson,23,Male,Porsche,MDX,2008,Sedan
GraceBaldwin49,Grace,Baldwin,49,Female,MINI,F150 Super Cab,2013,Van/Minivan
NicoleO'Brien72,Nicole,O'Brien,72,Female,Ford,Gladiator,2011,Sedan
RogerMason42,Roger,Mason,42,Male,Land Rover,Sprinter 2500 Cargo,2011,"Wagon, Sedan"
StephenNash43,Stephen,Nash,43,Male,Audi,XC70,2017,Sedan
JennaWells65,Jenna,Wells,65,Female,GMC,Concorde,2017,Sedan
StaceyTucker66,Stacey,Tucker,66,Female,Honda,Ram Van 2500,1995,Sedan
RickyDuffy21,Ricky,Duffy,21,Male,Mercedes-Benz,Expedition EL,2008,Sedan
EileenMcCarthy66,Eileen,McCarthy,66,Female,Chevrolet,Malibu,2004,SUV
LesleyWalker45,Lesley,Walker,45,Female,Ram,E150 Passenger,1992,SUV
MartinWhite79,Martin,White,79,Male,Chevrolet,Q,2002,Wagon
LeonardLong76,Leonard,Long,76,Male,Mercedes-Benz,Spark,2004,Pickup
GlenLewis18,Glen,Lewis,18,Male,Alfa Romeo,Impreza,2017,Pickup
GavinWalker91,Gavin,Walker,91,Male,Chevrolet,Laser,2010,"Convertible, Sedan, Coupe"
GarethSmith28,Gareth,Smith,28,Male,Lexus,VUE,2010,Van/Minivan
VictoriaDaniels52,Victoria,Daniels,52,Female,Pontiac,Bronco,2011,Pickup
KatherineCartwright18,Katherine,Cartwright,18,Female,Nissan,Insight,2010,Pickup
NeilStephenson50,Neil,Stephenson,50,Male,Volvo,F-PACE,2004,"Hatchback, Convertible"
JosephEllis20,Joseph,Ellis,20,Male,Hyundai,LeSabre,2004,Sedan
SianKaur53,Sian,Kaur,53,Female,Lamborghini,TLX,2015,"Sedan, Wagon"
JillBull31,Jill,Bull,31,Female,Audi,RAV4,2015,Convertible
JillCampbell48,Jill,Campbell,48,Female,Ford,M5,2001,SUV
DominicSmith40,Dominic,Smith,40,Male,Hyundai,V40,1994,"Sedan, Hatchback"
NatalieNicholson89,Natalie,Nicholson,89,Female,Toyota,RLX Sport Hybrid,1998,Pickup
MarcusWalters66,Marcus,Walters,66,Male,Toyota,G-Class,2013,Convertible
BryanJackson79,Bryan,Jackson,79,Male,FIAT,6 Series,2004,Pickup
HughHoughton30,Hugh,Houghton,30,Male,Toyota,F250 Super Duty Regular Cab,1995,Van/Minivan
AimeeNorton71,Aimee,Norton,71,Female,Ford,Caliber,2004,SUV
GordonLawson28,Gordon,Lawson,28,Male,Volkswagen,SLK-Class,2001,Van/Minivan
EileenHall60,Eileen,Hall,60,Female,Chevrolet,F250 Super Duty Super Cab,1996,Pickup
VictorFord45,Victor,Ford,45,Male,Kia,Echo,2015,Pickup
RitaRobinson38,Rita,Robinson,38,Female,Chevrolet,Mercedes-AMG G-Class,2014,Pickup
SallyStevens87,Sally,Stevens,87,Female,Oldsmobile,Stealth,2015,"Coupe, Convertible"
GavinYoung18,Gavin,Young,18,Male,Audi,Ram 2500 Regular Cab,2010,"Wagon, Sedan"
BarbaraMarshall50,Barbara,Marshall,50,Female,FIAT,Outback,2010,SUV
SharonFitzgerald29,Sharon,Fitzgerald,29,Female,Saturn,Trans Sport,2003,Convertible
JenniferJames37,Jennifer,James,37,Female,Ford,Venture Cargo,2000,Pickup
PamelaBailey45,Pamela,Bailey,45,Female,Toyota,5 Series,1992,Sedan
KieranCole18,Kieran,Cole,18,Male,Honda,Mirage,2007,SUV
JuliaMurphy41,Julia,Murphy,41,Female,Isuzu,F150 Regular Cab,2004,Convertible
DonaldHarrison38,Donald,Harrison,38,Male,Ford,Versa,1992,Pickup
JayneBailey18,Jayne,Bailey,18,Female,Dodge,GLE Coupe,2012,SUV
BenjaminSmith44,Benjamin,Smith,44,Male,Toyota,Magnum,2018,SUV
HarryTomlinson63,Harry,Tomlinson,63,Male,MAZDA,Malibu,2002,Van/Minivan
AnnetteRobson79,Annette,Robson,79,Female,Honda,Thunderbird,2002,Pickup
DawnPatterson32,Dawn,Patterson,32,Female,Chevrolet,Tacoma Xtracab,2013,Coupe
KieranGodfrey64,Kieran,Godfrey,64,Male,Hyundai,Grand Cherokee,2016,SUV
AliceSullivan23,Alice,Sullivan,23,Female,INFINITI,Vanquish S,2007,Coupe
JennaJones76,Jenna,Jones,76,Female,Mercedes-Benz,Escalade ESV,1999,Sedan
PaulaHart40,Paula,Hart,40,Female,Ford,Commander,2014,SUV
BarryYoung87,Barry,Young,87,Male,Ferrari,Nubira,2017,SUV
BryanDaniels74,Bryan,Daniels,74,Male,Lexus,Tacoma Access Cab,2006,SUV
JeanDickinson82,Jean,Dickinson,82,Female,Jeep,New Beetle,2000,Pickup
ChelseaBrooks57,Chelsea,Brooks,57,Female,Ford,Express 1500 Cargo,2008,Sedan
DominicShaw50,Dominic,Shaw,50,Male,MINI,CTS,2008,Sedan
SamanthaWallace62,Samantha,Wallace,62,Female,Eagle,4Runner,2002,Van/Minivan
JulianGriffiths89,Julian,Griffiths,89,Male,Toyota,Metris Cargo,2014,SUV
JuliaHurst70,Julia,Hurst,70,Female,GMC,Q50,2012,Van/Minivan
GeorgiaLyons27,Georgia,Lyons,27,Female,MINI,2500 Regular Cab,2001,Pickup
JayRichardson37,Jay,Richardson,37,Male,Cadillac,D350 Regular Cab,2003,Van/Minivan
JulieWhitehouse61,Julie,Whitehouse,61,Female,Chevrolet,M,2003,"Sedan, Wagon"
MeganClark39,Megan,Clark,39,Female,Hyundai,Ram 2500 Mega Cab,2014,SUV
LesliePhillips86,Leslie,Phillips,86,Male,Ford,Canyon Crew Cab,2011,Coupe
GarethJennings39,Gareth,Jennings,39,Male,Nissan,500c Abarth,1994,SUV
BernardWhite26,Bernard,White,26,Male,Toyota,Freelander,2009,Coupe
RobertTaylor46,Robert,Taylor,46,Male,Kia,Caravan Cargo,2007,Sedan
PhillipButler79,Phillip,Butler,79,Male,Pontiac,370Z,2005,Sedan
ChristineWeston28,Christine,Weston,28,Female,Scion,City Express,1997,"Convertible, Coupe"
DannyMason62,Danny,Mason,62,Male,Pontiac,Vanquish S,2010,Sedan
LucyDean29,Lucy,Dean,29,Female,Porsche,M,2004,Pickup
JaniceFrench49,Janice,French,49,Female,Isuzu,Tundra Double Cab,2006,Sedan
JasonSmith32,Jason,Smith,32,Male,Volvo,500,1995,Pickup
JeanBarber51,Jean,Barber,51,Female,Ford,XJ,2008,Sedan
TrevorCampbell18,Trevor,Campbell,18,Male,Dodge,3500 Crew Cab,2014,"Convertible, Sedan, Coupe"
MauriceClarke81,Maurice,Clarke,81,Male,FIAT,Range Rover Sport,2006,SUV
RobertSmith54,Robert,Smith,54,Male,Ford,EX,2017,Sedan
AndrewMyers43,Andrew,Myers,43,Male,INFINITI,DBS,2011,Sedan
LucyDay79,Lucy,Day,79,Female,HUMMER,S-Class,2005,Pickup
GrahamBrown78,Graham,Brown,78,Male,Cadillac,MAZDA5,2010,Sedan
OliverWalker41,Oliver,Walker,41,Male,Honda,Rodeo,2016,Sedan
KieranRiley57,Kieran,Riley,57,Male,GMC,Cayenne,2010,"Convertible, Coupe"
SuzanneJackson86,Suzanne,Jackson,86,Female,Chevrolet,Silverado (Classic) 2500 HD Extended Cab,2009,Pickup
ElizabethSanders62,Elizabeth,Sanders,62,Female,HUMMER,911,1995,Sedan
GordonHarrison52,Gordon,Harrison,52,Male,Hyundai,Canyon Regular Cab,2000,Coupe
JaniceDavies84,Janice,Davies,84,Female,Toyota,Model 3,2011,Sedan
BernardEvans41,Bernard,Evans,41,Male,Audi,GS,2016,Sedan
ZoeJohnson32,Zoe,Johnson,32,Female,Jeep,Q5,2012,Sedan
CarolynNixon69,Carolyn,Nixon,69,Female,Chevrolet,TL,1993,Van/Minivan
JaneKirk43,Jane,Kirk,43,Female,Honda,Grand Marquis,2015,Van/Minivan
YvonneAndrews71,Yvonne,Andrews,71,Female,Toyota,Versa,2005,Coupe
JuliaParsons91,Julia,Parsons,91,Female,Toyota,G-Class,2018,Coupe
DamienWilliams71,Damien,Williams,71,Male,Chevrolet,Genesis,2020,Van/Minivan
HughLittle27,Hugh,Little,27,Male,Subaru,Millenia,1999,Hatchback
EllieTaylor74,Ellie,Taylor,74,Female,Honda,Grand Marquis,2002,SUV
JoshuaJames26,Joshua,James,26,Male,Ford,Breeze,2015,"Sedan, Coupe, Convertible"
EricBerry45,Eric,Berry,45,Male,Hyundai,Range Rover Evoque,2015,Van/Minivan
RebeccaFaulkner83,Rebecca,Faulkner,83,Female,Toyota,Spectra,2015,"Sedan, Coupe, Wagon"
KennethAli64,Kenneth,Ali,64,Male,Kia,Stratus,2011,SUV
AmyBegum41,Amy,Begum,41,Female,Ford,Prelude,2016,"Coupe, Convertible"
FrancesTucker71,Frances,Tucker,71,Female,GMC,Sierra (Classic) 1500 Crew Cab,2020,Sedan
HowardSmart37,Howard,Smart,37,Male,Ford,Jetta III,2000,Sedan
MohamedJones74,Mohamed,Jones,74,Male,GMC,CR-V,2017,SUV
HelenHolland45,Helen,Holland,45,Female,Hyundai,Sprinter 3500 Cargo,2014,Sedan
RosieStewart21,Rosie,Stewart,21,Female,Kia,CL-Class,2014,Hatchback
EleanorHowe72,Eleanor,Howe,72,Female,Honda,Grand Caravan Cargo,1994,Pickup
DaleBibi79,Dale,Bibi,79,Male,Jeep,Equinox,2011,Convertible
JosephineBurns18,Josephine,Burns,18,Female,BMW,Milan,2007,"Sedan, Coupe"
ConorThomas84,Conor,Thomas,84,Male,Ford,Paceman,2001,SUV
JasmineStevens84,Jasmine,Stevens,84,Female,BMW,Daytona,2003,SUV
ChloeGallagher76,Chloe,Gallagher,76,Female,Kia,Ram 1500 Quad Cab,2010,Sedan
GillianRoberts82,Gillian,Roberts,82,Female,Nissan,Riviera,2014,SUV
JamieIngram38,Jamie,Ingram,38,Male,FIAT,Brougham,2000,SUV
KennethKing19,Kenneth,King,19,Male,INFINITI,C-Class,2020,Convertible
JulieBrown61,Julie,Brown,61,Female,Chevrolet,Envoy,2020,SUV
JasonCooke62,Jason,Cooke,62,Male,Jaguar,7 Series,1996,Van/Minivan
CarlyPope38,Carly,Pope,38,Female,Ford,Q7,2001,Hatchback
PatriciaMurray39,Patricia,Murray,39,Female,Audi,Sierra 1500 Regular Cab,2019,Pickup
AliceMatthews39,Alice,Matthews,39,Female,GMC,Savana 1500 Cargo,2000,"Convertible, Coupe"
JaneJones24,Jane,Jones,24,Female,Acura,Ranger Regular Cab,2011,Convertible
ThomasMartin72,Thomas,Martin,72,Male,GMC,9-7X,2001,Sedan
RossMartin36,Ross,Martin,36,Male,Genesis,SC,2015,Van/Minivan
JosephHarrison74,Joseph,Harrison,74,Male,Dodge,Neon,2003,SUV
GraemeAhmed62,Graeme,Ahmed,62,Male,Chevrolet,RAV4,2020,SUV
PamelaHewitt21,Pamela,Hewitt,21,Female,Chevrolet,Range Rover Sport,2016,Coupe
MollyWilson25,Molly,Wilson,25,Female,Scion,Sprinter 2500 Crew,2014,Coupe
TracyMurray62,Tracy,Murray,62,Female,Acura,Tribeca,2014,Wagon
LeighClarke55,Leigh,Clarke,55,Male,Hyundai,Express 3500 Cargo,1995,"Convertible, Coupe"
ZoeWells63,Zoe,Wells,63,Female,BMW,S5,1995,SUV
JenniferBirch50,Jennifer,Birch,50,Female,Ford,Cadenza,2013,Sedan
MartinSmith31,Martin,Smith,31,Male,GMC,3500 Regular Cab,2018,Pickup
HollieMoore50,Hollie,Moore,50,Female,Chevrolet,S10 Crew Cab,2019,Pickup
EricWallis69,Eric,Wallis,69,Male,Chevrolet,Sierra 1500 Regular Cab,2016,Convertible
BarbaraLucas53,Barbara,Lucas,53,Female,Acura,Sienna,2016,SUV
DylanRees24,Dylan,Rees,24,Male,BMW,Acclaim,2001,Sedan
JosephineBishop76,Josephine,Bishop,76,Female,Porsche,Cabriolet,2000,Sedan
BarbaraStephens66,Barbara,Stephens,66,Female,Nissan,HHR,2017,Van/Minivan
StewartDyer81,Stewart,Dyer,81,Male,Lexus,Ranger Super Cab,1996,Coupe
MatthewBrown74,Matthew,Brown,74,Male,Chrysler,Sierra 1500 Regular Cab,2013,SUV
RitaGreen47,Rita,Green,47,Female,Oldsmobile,CLS-Class,2006,Coupe
JulianRandall86,Julian,Randall,86,Male,Toyota,Genesis Coupe,2014,"Convertible, Hatchback"
HelenGriffin54,Helen,Griffin,54,Female,Mercedes-Benz,M5,2008,Wagon
WayneJones56,Wayne,Jones,56,Male,Chevrolet,911,2008,Pickup
KerryLaw37,Kerry,Law,37,Female,Nissan,Jetta,2001,Hatchback
ShaneRoberts40,Shane,Roberts,40,Male,Toyota,Econoline E150 Cargo,2009,Sedan
KatherineHutchinson74,Katherine,Hutchinson,74,Female,MAZDA,Bolt EV,2006,Sedan
MohammadChapman59,Mohammad,Chapman,59,Male,Ford,Altima,2005,SUV
AmandaHarris63,Amanda,Harris,63,Female,Alfa Romeo,7 Series,1993,Hatchback
DanielleDavison41,Danielle,Davison,41,Female,Isuzu,Golf R,1996,Pickup
EdwardGriffiths59,Edward,Griffiths,59,Male,Ford,Bronco,1996,Sedan
BrandonCollins32,Brandon,Collins,32,Male,Toyota,Grand Prix,2018,Pickup
BeverleyAnderson19,Beverley,Anderson,19,Female,Lexus,DBS,2013,SUV
KyleHughes65,Kyle,Hughes,65,Male,Nissan,Rio,1995,"Sedan, Hatchback"
LauraFowler39,Laura,Fowler,39,Female,Audi,X3,2013,Coupe
CarolWilliams28,Carol,Williams,28,Female,Nissan,4Runner,2014,Wagon
GeorgiaCunningham64,Georgia,Cunningham,64,Female,Subaru,Park Avenue,2003,SUV
KyleDunn81,Kyle,Dunn,81,Male,BMW,968,1995,Coupe
BethanFraser70,Bethan,Fraser,70,Female,Ford,Range Rover,2019,Sedan
BradleyDickinson87,Bradley,Dickinson,87,Male,Lexus,Land Cruiser,2010,Sedan
CarlThomas37,Carl,Thomas,37,Male,Audi,2500 Crew Cab,1996,Sedan
AlexCooper60,Alex,Cooper,60,Male,Lexus,5 Series,2009,SUV
ChloePugh75,Chloe,Pugh,75,Female,BMW,Jetta,2010,SUV
StephenRyan48,Stephen,Ryan,48,Male,Chrysler,Esteem,2018,Sedan
KarlBrady53,Karl,Brady,53,Male,Subaru,Ram 1500 Quad Cab,2000,Pickup
GregoryKnowles91,Gregory,Knowles,91,Male,GMC,Lancer,2008,Van/Minivan
RebeccaCarter72,Rebecca,Carter,72,Female,Mercedes-Benz,Sierra 1500 Double Cab,2014,SUV
KatyDixon35,Katy,Dixon,35,Female,Lexus,LaCrosse,2019,Van/Minivan
GaryYates49,Gary,Yates,49,Male,GMC,T100 Regular Cab,2003,Sedan
NicholasFrancis73,Nicholas,Francis,73,Male,Audi,DeVille,2003,"Coupe, Sedan"
RoyMoore34,Roy,Moore,34,Male,Honda,Silverado 3500 Regular Cab,2019,Sedan
LeanneBurns20,Leanne,Burns,20,Female,Volkswagen,A6,2016,SUV
MalcolmBuckley22,Malcolm,Buckley,22,Male,Bentley,V70,2017,Hatchback
ElliottJones67,Elliott,Jones,67,Male,Chevrolet,F250 Super Duty Super Cab,2019,Sedan
KerryHarris80,Kerry,Harris,80,Female,GMC,Ram 3500 Mega Cab,1993,Hatchback
JennaPerry33,Jenna,Perry,33,Female,Chevrolet,500c,1997,Coupe
FrederickFoster31,Frederick,Foster,31,Male,GMC,Rio,2011,"Convertible, Coupe"
AshleighThompson47,Ashleigh,Thompson,47,Female,Toyota,Sienna,2003,Coupe
LeslieClark85,Leslie,Clark,85,Male,Volkswagen,Bonneville,2009,SUV
AnnaRichardson34,Anna,Richardson,34,Female,Ford,Firebird,2013,Van/Minivan
CharlotteMcCarthy42,Charlotte,McCarthy,42,Female,Mercedes-Benz,A4,2015,Sedan
EricMason86,Eric,Mason,86,Male,Ford,Patriot,1997,Convertible
FionaLees83,Fiona,Lees,83,Female,Lincoln,7 Series,2006,Pickup
ReeceWatson54,Reece,Watson,54,Male,Nissan,Jetta,2012,Hatchback
CharlotteBird39,Charlotte,Bird,39,Female,Pontiac,Mark VIII,2005,Coupe
DeniseKirby23,Denise,Kirby,23,Female,Lincoln,Express 1500 Passenger,2013,"Coupe, Sedan"
JamieTucker22,Jamie,Tucker,22,Male,Ford,Focus,2003,Pickup
LydiaJones55,Lydia,Jones,55,Female,Nissan,Rio,2013,SUV
RebeccaRoberts65,Rebecca,Roberts,65,Female,Kia,Express 2500 Passenger,2012,Coupe
DavidHill72,David,Hill,72,Male,Nissan,Enclave,2011,"Coupe, Convertible"
CarolBanks59,Carol,Banks,59,Female,BMW,Silverado 1500 Crew Cab,2001,Sedan
JacobFox52,Jacob,Fox,52,Male,Chevrolet,Tundra Regular Cab,2001,SUV
MauriceBruce64,Maurice,Bruce,64,Male,Acura,Rogue,1998,SUV
LouiseWade50,Louise,Wade,50,Female,INFINITI,Kicks,2016,"Coupe, Sedan"
KayleighFox64,Kayleigh,Fox,64,Female,MAZDA,Grand Am,2002,Van/Minivan
LeanneBirch89,Leanne,Birch,89,Female,Nissan,300 E,2017,Van/Minivan
DianaBirch19,Diana,Birch,19,Female,Ford,MKT,1995,Pickup
JaneSingh48,Jane,Singh,48,Female,Chevrolet,R8,2017,SUV
CarlyNicholson28,Carly,Nicholson,28,Female,Toyota,MDX,1995,Pickup
ChristineJones62,Christine,Jones,62,Female,Lexus,V70,2006,Van/Minivan
AdamTaylor71,Adam,Taylor,71,Male,Chevrolet,2500 Regular Cab,2013,SUV
OliverBooth90,Oliver,Booth,90,Male,Ford,E150 Cargo,2000,"Convertible, Wagon, Coupe, Sedan"
TobyBailey23,Toby,Bailey,23,Male,GMC,D350 Regular Cab,2014,Convertible
RussellSmith74,Russell,Smith,74,Male,Lexus,SL-Class,2008,SUV
RebeccaSmith54,Rebecca,Smith,54,Female,Toyota,Corvette,1992,Sedan
ConnorSmith71,Connor,Smith,71,Male,MAZDA,Quest,2011,Sedan
AnneEvans62,Anne,Evans,62,Female,Mitsubishi,E350 Super Duty Cargo,2000,Coupe
AnnetteWatson72,Annette,Watson,72,Female,Nissan,C/V Tradesman,2012,Hatchback
RyanHudson48,Ryan,Hudson,48,Male,Acura,F150 Super Cab,1993,Hatchback
KatherineHiggins23,Katherine,Higgins,23,Female,Nissan,iM,2000,Sedan
JoshGough58,Josh,Gough,58,Male,Toyota,Focus,2016,"Coupe, Convertible"
LynneSmith91,Lynne,Smith,91,Female,Volvo,Exige,1995,SUV
LeonardNelson38,Leonard,Nelson,38,Male,Subaru,Tacoma Xtracab,2019,"Sedan, Hatchback"
RonaldBishop83,Ronald,Bishop,83,Male,Saturn,Sequoia,2015,Pickup
GeorgiaCampbell70,Georgia,Campbell,70,Female,Alfa Romeo,Suburban 1500,2017,SUV
LucyGeorge47,Lucy,George,47,Female,Freightliner,Durango,2014,SUV
AmyBell59,Amy,Bell,59,Female,Cadillac,Nitro,2018,Hatchback
ElizabethHarding50,Elizabeth,Harding,50,Female,Audi,Accord,2012,"Convertible, Sedan, Coupe"
JayneBaker89,Jayne,Baker,89,Female,Kia,D150 Regular Cab,1998,Van/Minivan
CliffordNixon18,Clifford,Nixon,18,Male,Lexus,Tundra Regular Cab,2009,"Sedan, Wagon"
JamieWebb33,Jamie,Webb,33,Male,Jaguar,Town & Country,2012,Van/Minivan
GaryBennett69,Gary,Bennett,69,Male,Mercedes-Benz,A3,2007,Sedan
NatalieWood68,Natalie,Wood,68,Female,Nissan,Clarity Electric,1999,Sedan
MartynKing87,Martyn,King,87,Male,Mitsubishi,Hardtop 2 Door,2014,Sedan
JosephineDunn70,Josephine,Dunn,70,Female,Ford,F350 Crew Cab,2007,SUV
DannyLewis80,Danny,Lewis,80,Male,Suzuki,Ram Van 1500,2015,Pickup
KerryWhite37,Kerry,White,37,Female,Saturn,X5,2013,Sedan
PamelaLewis32,Pamela,Lewis,32,Female,Bentley,240SX,2018,"Sedan, Coupe, Convertible"
PhilipBell77,Philip,Bell,77,Male,Cadillac,Civic,1999,SUV
JudithYoung65,Judith,Young,65,Female,Chrysler,fortwo electric drive,2012,Sedan
GeoffreyRichardson62,Geoffrey,Richardson,62,Male,Ram,Matrix,1997,Pickup
SandraWilliams30,Sandra,Williams,30,Female,Pontiac,F150 Super Cab,2011,Van/Minivan
AmeliaBarnett26,Amelia,Barnett,26,Female,GMC,Savana 3500 Cargo,2006,"Coupe, Convertible"
RuthHowells77,Ruth,Howells,77,Female,Nissan,F250 Super Cab,2001,Sedan
JulianCook82,Julian,Cook,82,Male,Chevrolet,Aerostar Cargo,2016,Sedan
GavinArnold69,Gavin,Arnold,69,Male,Jeep,Expedition,2007,"Coupe, Sedan, Hatchback"
RossSmith52,Ross,Smith,52,Male,Chevrolet,M3,1993,"Sedan, Wagon"
IanRice69,Ian,Rice,69,Male,Chevrolet,Sierra 2500 HD Double Cab,2001,Sedan
StanleyCook69,Stanley,Cook,69,Male,Hyundai,V60,2015,"Convertible, Coupe"
JanetRiley31,Janet,Riley,31,Female,Ford,F150 SuperCrew Cab,2020,Pickup
BrianRobinson62,Brian,Robinson,62,Male,Chevrolet,XC70,2003,Sedan
DeniseGriffiths18,Denise,Griffiths,18,Female,Lexus,Accent,2010,Van/Minivan
ThomasClements57,Thomas,Clements,57,Male,INFINITI,Bonneville,1998,SUV
JayneShepherd52,Jayne,Shepherd,52,Female,Mercedes-Benz,M-Class,2018,Convertible
JoyceYates30,Joyce,Yates,30,Female,Genesis,E350 Super Duty Cargo,2002,SUV
CharleneFarrell55,Charlene,Farrell,55,Female,INFINITI,Navigator,2006,Sedan
TrevorBegum89,Trevor,Begum,89,Male,Acura,Camaro,1999,Pickup
HollyPope55,Holly,Pope,55,Female,Dodge,Sonoma Club Coupe Cab,2004,Hatchback
JoanLewis66,Joan,Lewis,66,Female,Buick,Beretta,2005,SUV
SeanWilson79,Sean,Wilson,79,Male,Chevrolet,Civic,2008,Coupe
AlanPayne89,Alan,Payne,89,Male,Mercedes-Benz,Golf III,2017,Van/Minivan
SianO'Neill81,Sian,O'Neill,81,Female,Chrysler,4 Series,1999,SUV
AmberDickinson87,Amber,Dickinson,87,Female,GMC,300 CE,2002,SUV
PhillipMahmood19,Phillip,Mahmood,19,Male,Lincoln,M5,2014,Van/Minivan
AaronHodgson72,Aaron,Hodgson,72,Male,Chevrolet,Karma,2006,SUV
DianaKelly41,Diana,Kelly,41,Female,Ford,Express 3500 Passenger,2006,Hatchback
AlexanderNewman87,Alexander,Newman,87,Male,Lamborghini,Silverado 2500 HD Crew Cab,2016,Convertible
KarlJones18,Karl,Jones,18,Male,Chevrolet,Crown Victoria,2004,"Sedan, Wagon"
HughRobertson89,Hugh,Robertson,89,Male,Oldsmobile,Q7,2016,Pickup
DylanTalbot35,Dylan,Talbot,35,Male,Volvo,Sonoma Extended Cab,1997,Sedan
AlbertKay22,Albert,Kay,22,Male,Chevrolet,Matrix,2013,Van/Minivan
ReeceHargreaves44,Reece,Hargreaves,44,Male,Chevrolet,F350 Super Duty Regular Cab,1996,Sedan
MarilynJenkins69,Marilyn,Jenkins,69,Female,Chevrolet,DeVille,1997,"Sedan, Hatchback"
OliviaGray71,Olivia,Gray,71,Female,Cadillac,Sedona,2019,Pickup
RosemaryWilliams22,Rosemary,Williams,22,Female,Dodge,Cherokee,2017,"Coupe, Hatchback, Convertible, Sedan"
KatieReed70,Katie,Reed,70,Female,INFINITI,MR2,2016,Pickup
MarcCooper85,Marc,Cooper,85,Male,Mercedes-Benz,S60,2005,"Wagon, Sedan"
KyleEdwards72,Kyle,Edwards,72,Male,Chevrolet,S80,2011,Van/Minivan
ValerieScott29,Valerie,Scott,29,Female,Saab,Grand Caravan Passenger,2011,"Hatchback, Sedan"
RonaldHarding80,Ronald,Harding,80,Male,Nissan,Rogue Sport,2009,Sedan
AlexandraWatson38,Alexandra,Watson,38,Female,Cadillac,Villager,2020,Sedan
TobyDavey46,Toby,Davey,46,Male,Bentley,911,2013,Van/Minivan
JustinBrown41,Justin,Brown,41,Male,Buick,F350 Super Duty Crew Cab,2003,Sedan
PatrickRichardson72,Patrick,Richardson,72,Male,Nissan,Venture Cargo,2014,SUV
KyleBrookes42,Kyle,Brookes,42,Male,Nissan,Niro,2015,Van/Minivan
MichelleStorey38,Michelle,Storey,38,Female,Volkswagen,Tacoma Regular Cab,2014,Pickup
RobinDawson66,Robin,Dawson,66,Male,Chevrolet,H1,2011,Van/Minivan
HollieHughes85,Hollie,Hughes,85,Female,Nissan,Altima,2001,Pickup
CarolMartin56,Carol,Martin,56,Female,FIAT,Protege,2000,Van/Minivan
LorraineWyatt52,Lorraine,Wyatt,52,Female,Daewoo,XC70,2017,SUV
CaroleTurner58,Carole,Turner,58,Female,GMC,Galant,2011,Coupe
JoyceBriggs54,Joyce,Briggs,54,Female,Kia,Ram 2500 Quad Cab,2012,SUV
GlennStorey79,Glenn,Storey,79,Male,Ford,Mark LT,1998,Van/Minivan
JakeWallace32,Jake,Wallace,32,Male,Nissan,1500 Extended Cab,2010,SUV
StevenAllen73,Steven,Allen,73,Male,Isuzu,LX,1996,SUV
KerryBennett82,Kerry,Bennett,82,Female,Pontiac,Metris Cargo,2009,SUV
SarahBrown83,Sarah,Brown,83,Female,Ford,Town & Country,1994,Convertible
TeresaPatel71,Teresa,Patel,71,Female,Ford,T100 Xtracab,2006,Sedan
BethanWood29,Bethan,Wood,29,Female,GMC,Wrangler,1995,Pickup
YvonneHughes58,Yvonne,Hughes,58,Female,BMW,XL7,2017,SUV
ReeceHolmes24,Reece,Holmes,24,Male,Subaru,Flex,1998,SUV
AmeliaJones31,Amelia,Jones,31,Female,Chevrolet,XK,1997,Sedan
ClaireNorman90,Claire,Norman,90,Female,Toyota,Impreza,1992,"Coupe, Convertible"
DavidBaker67,David,Baker,67,Male,Mercedes-Benz,Eldorado,1992,SUV
AliceWebb89,Alice,Webb,89,Female,Chevrolet,Expedition,2018,SUV
MatthewRose32,Matthew,Rose,32,Male,Mercedes-Benz,Mustang,2003,SUV
AimeeLewis67,Aimee,Lewis,67,Female,MAZDA,Express 2500 Passenger,2005,"Convertible, Coupe"
AlisonSutton64,Alison,Sutton,64,Female,Toyota,Q5,2014,"Sedan, Coupe"
GeoffreyWalters91,Geoffrey,Walters,91,Male,Dodge,RX,2007,Sedan
LouisGardiner31,Louis,Gardiner,31,Male,Honda,57,1997,Hatchback
DanielleFisher66,Danielle,Fisher,66,Female,Hyundai,Elantra GT,1995,Wagon
HarryCarter40,Harry,Carter,40,Male,Chevrolet,Integra,2018,SUV
AlbertDawson21,Albert,Dawson,21,Male,Chevrolet,Silverado 2500 HD Extended Cab,2019,SUV
DonnaThornton33,Donna,Thornton,33,Female,Nissan,Caravan Passenger,2015,Sedan
AbigailTaylor46,Abigail,Taylor,46,Female,Saab,Civic,2015,Sedan
ClaireLee38,Claire,Lee,38,Female,MAZDA,Montero,1998,Coupe
JennaEvans86,Jenna,Evans,86,Female,Honda,S6,1992,SUV
MariaAllen50,Maria,Allen,50,Female,Isuzu,1500 Extended Cab,1992,Pickup
SandraBell91,Sandra,Bell,91,Female,GMC,Scoupe,2018,Sedan
KathleenHart32,Kathleen,Hart,32,Female,Nissan,Yukon,2009,"Sedan, Hatchback"
CherylHowell91,Cheryl,Howell,91,Female,Ford,3500 Mega Cab,1996,"Sedan, Hatchback"
JackTaylor90,Jack,Taylor,90,Male,Mitsubishi,Freestar Passenger,2012,Pickup
MelissaMartin47,Melissa,Martin,47,Female,Eagle,Avalon,1999,Sedan
NathanCooper91,Nathan,Cooper,91,Male,Nissan,NSX,2014,Sedan
AndrewMills90,Andrew,Mills,90,Male,Ford,Cutlass Ciera,1999,Pickup
BryanRiley31,Bryan,Riley,31,Male,Honda,GX,2020,Pickup
MartynGardner82,Martyn,Gardner,82,Male,Chevrolet,Yaris,2000,Coupe
SusanDavies68,Susan,Davies,68,Female,Chevrolet,Sorento,1993,SUV
ElliottWillis86,Elliott,Willis,86,Male,Dodge,Grand Vitara,2017,SUV
ReeceGriffin81,Reece,Griffin,81,Male,Geo,Pacifica Hybrid,2011,Van/Minivan
DarrenTucker77,Darren,Tucker,77,Male,HUMMER,3500 Mega Cab,2015,Van/Minivan
NigelRobson58,Nigel,Robson,58,Male,Volvo,Elantra,1999,SUV
KeithEdwards89,Keith,Edwards,89,Male,Hyundai,RX,2012,Sedan
AmyTurner28,Amy,Turner,28,Female,Jaguar,C70,2008,Van/Minivan
ScottSanderson81,Scott,Sanderson,81,Male,Buick,940,1999,Pickup
MariaCampbell22,Maria,Campbell,22,Female,MAZDA,Aventador,1995,Pickup
DeanKing29,Dean,King,29,Male,Chrysler,Transit Connect Passenger,2005,Sedan
RickyCameron58,Ricky,Cameron,58,Male,Ram,Enclave,2004,Pickup
LorraineMorris76,Lorraine,Morris,76,Female,GMC,Z4,2019,Sedan
JoannaHolmes59,Joanna,Holmes,59,Female,Audi,Grand Vitara,2008,"Coupe, Convertible"
VictorRoberts84,Victor,Roberts,84,Male,Kia,VUE,1994,Pickup
DenisePearson60,Denise,Pearson,60,Female,Aston Martin,XG350,2014,Sedan
HilaryCarr61,Hilary,Carr,61,Female,GMC,NV200,2008,SUV
AndreaArnold80,Andrea,Arnold,80,Female,Chrysler,Trans Sport,2008,Van/Minivan
RogerHammond75,Roger,Hammond,75,Male,Jeep,X-Type,2005,Pickup
AshleighWilliams91,Ashleigh,Williams,91,Female,Buick,370Z,1999,Van/Minivan
MargaretFoster54,Margaret,Foster,54,Female,Subaru,Focus,1994,Van/Minivan
JosephineJames49,Josephine,James,49,Female,INFINITI,Sorento,1997,SUV
AmeliaMorgan80,Amelia,Morgan,80,Female,Chevrolet,PT Cruiser,2007,Sedan
GarryEvans88,Garry,Evans,88,Male,Suzuki,GLC Coupe,2017,SUV
LeahFreeman44,Leah,Freeman,44,Female,Mercedes-Benz,GS,2005,Pickup
KarenStewart28,Karen,Stewart,28,Female,Mercedes-Benz,Sierra 1500 Regular Cab,2003,"Sedan, Wagon"
ClaireGilbert60,Claire,Gilbert,60,Female,Chrysler,Ram 2500 Regular Cab,1992,Sedan
MohammedThomas58,Mohammed,Thomas,58,Male,Dodge,XC90,1997,SUV
KyleLawson63,Kyle,Lawson,63,Male,Dodge,CTS,2010,SUV
HannahPerry69,Hannah,Perry,69,Female,GMC,Altima,1994,Sedan
DarrenBarnes25,Darren,Barnes,25,Male,Mercedes-Benz,LSS,2002,SUV
RachelFisher67,Rachel,Fisher,67,Female,Suzuki,CX-5,2008,SUV
EricWilson80,Eric,Wilson,80,Male,Honda,Equinox,1993,"Sedan, Convertible, Wagon"
SimonWalker31,Simon,Walker,31,Male,Ford,S60,1996,Hatchback
StaceySullivan68,Stacey,Sullivan,68,Female,GMC,DeVille,2009,SUV
OwenJones74,Owen,Jones,74,Male,Porsche,Compass,2015,Sedan
GeorgiaTalbot59,Georgia,Talbot,59,Female,Ford,Ranger Regular Cab,2013,SUV
HazelHarris57,Hazel,Harris,57,Female,GMC,Alpina B7,2017,Sedan
JoshuaStewart50,Joshua,Stewart,50,Male,Volvo,Impreza,1997,Sedan
JacquelineBrown29,Jacqueline,Brown,29,Female,Lexus,F350 Super Duty Regular Cab,2015,Van/Minivan
ConnorAhmed41,Connor,Ahmed,41,Male,Plymouth,X5,2006,Sedan
ShannonJones29,Shannon,Jones,29,Female,MINI,S5,2001,Hatchback
LucyPatel25,Lucy,Patel,25,Female,INFINITI,MAZDA6,2006,Sedan
DamianStewart90,Damian,Stewart,90,Male,Jaguar,G,2020,Sedan
AlbertPritchard52,Albert,Pritchard,52,Male,Ford,R8,2000,Sedan
JessicaThomas72,Jessica,Thomas,72,Female,MINI,Regal,2011,"Coupe, Sedan, Convertible"
JessicaMurray74,Jessica,Murray,74,Female,GMC,Sierra 2500 Regular Cab,2012,Pickup
MohammedSharp80,Mohammed,Sharp,80,Male,Jeep,Nautilus,2006,Wagon
GeoffreyGough72,Geoffrey,Gough,72,Male,GMC,Touareg,1998,Pickup
AshleyWest65,Ashley,West,65,Male,Chrysler,Frontier King Cab,2016,Van/Minivan
KathleenPhillips81,Kathleen,Phillips,81,Female,Ford,Venture Passenger,2002,Pickup
AllanJohnson45,Allan,Johnson,45,Male,Chevrolet,Edge,2007,Pickup
HayleySkinner86,Hayley,Skinner,86,Female,Nissan,Grand Caravan Passenger,2007,"Sedan, Wagon"
KevinOwen87,Kevin,Owen,87,Male,BMW,CLA,2017,Van/Minivan
LewisSmith24,Lewis,Smith,24,Male,Chevrolet,Paseo,2014,Sedan
RobinYoung48,Robin,Young,48,Male,Mercedes-Benz,Pacifica,2002,Sedan
SuzanneHayward67,Suzanne,Hayward,67,Female,Volkswagen,M-Class,2009,SUV
BarryMoore18,Barry,Moore,18,Male,GMC,Silverado 2500 HD Regular Cab,2003,Hatchback
NicoleChan47,Nicole,Chan,47,Female,BMW,GLA,2016,SUV
GraceRoberts63,Grace,Roberts,63,Female,Mercedes-Benz,ATS,2006,Wagon
CharlieMitchell27,Charlie,Mitchell,27,Male,Ford,New Yorker,1993,Pickup
ScottKhan89,Scott,Khan,89,Male,GMC,EcoSport,1999,Pickup
JonathanHerbert72,Jonathan,Herbert,72,Male,Subaru,Jetta,2010,Sedan
LiamWood49,Liam,Wood,49,Male,Pontiac,LX,2020,Hatchback
SamuelAnderson45,Samuel,Anderson,45,Male,Rolls-Royce,F-TYPE,2018,Sedan
CarlThomas31,Carl,Thomas,31,Male,Chevrolet,XC90,2011,"Sedan, Hatchback"
AbbieSmith42,Abbie,Smith,42,Female,Chevrolet,2500 HD Extended Cab,1993,SUV
BarryMorgan79,Barry,Morgan,79,Male,Honda,A6,1995,Pickup
SamWells19,Sam,Wells,19,Male,Ford,Freestyle,2005,Sedan
TimothyButler18,Timothy,Butler,18,Male,MAZDA,1500 Regular Cab,2000,SUV
KimberleyBooth89,Kimberley,Booth,89,Female,Chevrolet,Savana 2500 Passenger,2018,SUV
VanessaClarke40,Vanessa,Clarke,40,Female,Porsche,SC,1994,Hatchback
LorraineHargreaves77,Lorraine,Hargreaves,77,Female,Toyota,Prius,2007,Sedan
HelenMoss26,Helen,Moss,26,Female,Audi,812 Superfast,2012,Hatchback
JessicaMorris69,Jessica,Morris,69,Female,Audi,S10 Crew Cab,2004,Pickup
PeterHiggins61,Peter,Higgins,61,Male,Dodge,Silverado 3500 Extended Cab,2016,Sedan
KellyNicholson75,Kelly,Nicholson,75,Female,Scion,Maxima,2017,Sedan
MarianBarry72,Marian,Barry,72,Female,HUMMER,Regular Cab,2002,SUV
JordanHumphries69,Jordan,Humphries,69,Male,Suzuki,Land Cruiser,2017,Sedan
OliverBuckley42,Oliver,Buckley,42,Male,Chevrolet,Land Cruiser,1999,Pickup
RosieBarrett33,Rosie,Barrett,33,Female,Mitsubishi,B-Series Regular Cab,2010,Van/Minivan
PatrickPhillips26,Patrick,Phillips,26,Male,Toyota,GT-R,2006,"Sedan, Coupe, Wagon"
LewisBegum41,Lewis,Begum,41,Male,Honda,Sierra 3500 Regular Cab,1994,Sedan
RobertNorton81,Robert,Norton,81,Male,Ford,Raider Double Cab,1997,SUV
SandraGill46,Sandra,Gill,46,Female,Volkswagen,Trax,2009,Convertible
KarlDavies87,Karl,Davies,87,Male,Chevrolet,MX-5 Miata RF,1998,"Sedan, Coupe"
DenisPearce82,Denis,Pearce,82,Male,Honda,Accent,2019,SUV
JakeThompson31,Jake,Thompson,31,Male,Ford,Montana,2014,SUV
JackBennett58,Jack,Bennett,58,Male,MAZDA,T100 Regular Cab,2008,Hatchback
DianeWood56,Diane,Wood,56,Female,Geo,Corvette,2016,Pickup
DanielBaker27,Daniel,Baker,27,Male,Nissan,CX-3,2019,Pickup
AlanPritchard19,Alan,Pritchard,19,Male,Mercedes-Benz,Impreza,2018,Sedan
JanetFarmer90,Janet,Farmer,90,Female,Chevrolet,Soul EV,2016,Coupe
StephenFisher21,Stephen,Fisher,21,Male,Chrysler,S5,1996,"Coupe, Convertible"
TomBarnett41,Tom,Barnett,41,Male,Mercedes-Benz,Boxster,1992,Hatchback
HarrietMurray19,Harriet,Murray,19,Female,Acura,Sonata,2015,"Coupe, Sedan, Convertible"
SeanCole84,Sean,Cole,84,Male,MAZDA,86,2003,Pickup
GeoffreyDavies30,Geoffrey,Davies,30,Male,Ford,SLS-Class,1999,SUV
JoanneWilliams31,Joanne,Williams,31,Female,Nissan,E350 Super Duty Cargo,2018,Coupe
BrandonSharpe30,Brandon,Sharpe,30,Male,Aston Martin,Canyon Regular Cab,2012,Sedan
HarryLynch44,Harry,Lynch,44,Male,Ford,Savana 3500 Cargo,1993,Pickup
JacobHumphreys35,Jacob,Humphreys,35,Male,Kia,Swift,2014,Sedan
FrederickWalker77,Frederick,Walker,77,Male,Lexus,Q5,2017,"Sedan, Hatchback"
EmmaParry80,Emma,Parry,80,Female,Scion,PT Cruiser,2014,Van/Minivan
MaxSmith37,Max,Smith,37,Male,Porsche,GS,2008,"Sedan, Wagon"
EmmaEdwards32,Emma,Edwards,32,Female,Chevrolet,NX,2011,"Sedan, Coupe"
LewisSmith40,Lewis,Smith,40,Male,Jeep,Silverado 2500 HD Crew Cab,1999,Coupe
GregoryEvans75,Gregory,Evans,75,Male,Toyota,i8,2007,Sedan
HeatherBrown56,Heather,Brown,56,Female,Acura,E150 Passenger,2011,Sedan
EmilyHolland41,Emily,Holland,41,Female,Ford,MAZDA3,2014,Pickup
NicolaMorris34,Nicola,Morris,34,Female,Mercedes-Benz,STS,1992,SUV
ZoeGoddard22,Zoe,Goddard,22,Female,Mercedes-Benz,M,2006,Sedan
GeorgiaPower81,Georgia,Power,81,Female,Mercedes-Benz,2500 Regular Cab,2009,Pickup
CarlyCox24,Carly,Cox,24,Female,Audi,GS,2012,Van/Minivan
RichardJones52,Richard,Jones,52,Male,Chevrolet,LEAF,2000,Coupe
JanetMorris89,Janet,Morris,89,Female,Hyundai,Silverado 1500 Crew Cab,1994,Pickup
JamieHenderson45,Jamie,Henderson,45,Male,GMC,Ram Wagon 3500,2018,SUV
KarenEdwards44,Karen,Edwards,44,Female,Isuzu,M2,2003,"Convertible, Hatchback"
JosephBarnes50,Joseph,Barnes,50,Male,Ram,Lancer,2006,Coupe
GeorgeNewman23,George,Newman,23,Male,Chevrolet,Club Wagon,2010,Pickup
GillianMason88,Gillian,Mason,88,Female,Honda,S6,1999,Pickup
OliviaMurphy49,Olivia,Murphy,49,Female,Volvo,Amanti,2001,"Sedan, Coupe"
RoyFrost75,Roy,Frost,75,Male,Pontiac,Suburban 2500,2010,SUV
JeanWilson25,Jean,Wilson,25,Female,Subaru,Relay,2000,Coupe
RogerKing86,Roger,King,86,Male,Mercury,Precis,2009,Van/Minivan
AndreaGreen75,Andrea,Green,75,Female,INFINITI,Sierra 3500 Regular Cab,2010,Sedan
HollieWalker23,Hollie,Walker,23,Female,Mercedes-Benz,Sierra 2500 Extended Cab,2003,SUV
JacquelineLittle88,Jacqueline,Little,88,Female,Toyota,Sebring,1998,Pickup
HeatherHaynes70,Heather,Haynes,70,Female,Lexus,Q5,1994,SUV
JosephBegum57,Joseph,Begum,57,Male,Audi,F12berlinetta,1992,SUV
DouglasHolloway23,Douglas,Holloway,23,Male,Nissan,Ram 1500 Mega Cab,1995,SUV
LesleyWilliams53,Lesley,Williams,53,Female,Scion,Sierra 2500 HD Regular Cab,2003,Convertible
JayneWilson69,Jayne,Wilson,69,Female,INFINITI,Ram Van B350,2012,Pickup
JeremyRyan81,Jeremy,Ryan,81,Male,Pontiac,S8,1995,Sedan
ValerieSmith28,Valerie,Smith,28,Female,Suzuki,G-Class,2013,Pickup
ShannonMoore41,Shannon,Moore,41,Female,Suzuki,Golf Alltrack,2008,Sedan
KarlJohnson78,Karl,Johnson,78,Male,Bentley,Wrangler,2000,Sedan
KateWright80,Kate,Wright,80,Female,Chevrolet,300ZX,1997,Van/Minivan
NicolaBruce86,Nicola,Bruce,86,Female,Lexus,Touareg,2015,Van/Minivan
HayleyOwen73,Hayley,Owen,73,Female,Ferrari,F350 Regular Cab,2000,SUV
EmilyGodfrey55,Emily,Godfrey,55,Female,Nissan,2500 Club Coupe,1997,Hatchback
RosieAlexander65,Rosie,Alexander,65,Female,Volvo,Leganza,1992,Sedan
RussellCoates71,Russell,Coates,71,Male,BMW,MDX,2016,Sedan
EmmaJames49,Emma,James,49,Female,Nissan,626,2005,Van/Minivan
JoshuaSmith43,Joshua,Smith,43,Male,BMW,Boxster,2007,Pickup
HowardGriffiths74,Howard,Griffiths,74,Male,GMC,EX,1998,Hatchback
MargaretBall19,Margaret,Ball,19,Female,Dodge,Macan,2012,Hatchback
JaneScott56,Jane,Scott,56,Female,GMC,Corvette,2003,Pickup
NatalieCox79,Natalie,Cox,79,Female,Nissan,Discovery Sport,2005,Pickup
DominicWood75,Dominic,Wood,75,Male,Chevrolet,Silverado 1500 Regular Cab,1995,"Convertible, Coupe"
SamuelKennedy35,Samuel,Kennedy,35,Male,Mercedes-Benz,Canyon Extended Cab,1994,"Sedan, Wagon"
CameronAtkinson34,Cameron,Atkinson,34,Male,HUMMER,XK,2019,Pickup
JordanWilliams82,Jordan,Williams,82,Male,GMC,3-Sep,2014,Wagon
ElizabethSanders79,Elizabeth,Sanders,79,Female,Acura,Sable,2011,Pickup
EllieAllen23,Ellie,Allen,23,Female,Porsche,Discovery,2018,Pickup
BarbaraChamberlain64,Barbara,Chamberlain,64,Female,GMC,Ranger Regular Cab,1996,"Sedan, Wagon"
FrederickGardner87,Frederick,Gardner,87,Male,GMC,XE,1997,Sedan
JuneTucker83,June,Tucker,83,Female,Chevrolet,Sienna,2009,Pickup
MarcusRichardson82,Marcus,Richardson,82,Male,Dodge,Optima,2001,Sedan
CallumGray26,Callum,Gray,26,Male,Chevrolet,TT,2009,Sedan
MaureenGoodwin23,Maureen,Goodwin,23,Female,MAZDA,650S,2019,Van/Minivan
MitchellJones35,Mitchell,Jones,35,Male,Hyundai,Camry,2008,Van/Minivan
BarryTurner88,Barry,Turner,88,Male,INFINITI,Cayenne,2006,Pickup
AlexandraHolt58,Alexandra,Holt,58,Female,Chevrolet,NV200,1994,"Coupe, Sedan"
RobertWhite27,Robert,White,27,Male,Nissan,Crossfire,2008,"Sedan, Wagon"
ChelseaRobson28,Chelsea,Robson,28,Female,Honda,CTS-V,2010,Van/Minivan
GarethWalsh18,Gareth,Walsh,18,Male,Plymouth,Sierra 3500 Extended Cab,2013,Sedan
MartinScott61,Martin,Scott,61,Male,Ford,Grand Caravan Passenger,2016,SUV
SamFoster88,Sam,Foster,88,Male,BMW,4 Series,1992,"Coupe, Sedan, Wagon"
GregoryBurke32,Gregory,Burke,32,Male,Lexus,Optima,2008,Sedan
JodieTaylor40,Jodie,Taylor,40,Female,Chevrolet,Galant,2010,"Sedan, Coupe, Convertible"
JulieBrooks76,Julie,Brooks,76,Female,Toyota,TL,1995,Pickup
ShaunFarrell44,Shaun,Farrell,44,Male,Ford,1500 Extended Cab,2014,Pickup
CameronHudson63,Cameron,Hudson,63,Male,Subaru,GTI,1995,Sedan
LisaHarris70,Lisa,Harris,70,Female,Mercedes-Benz,Savana 1500 Cargo,2009,Van/Minivan
CarolFitzgerald83,Carol,Fitzgerald,83,Female,Ford,Escalade EXT,2015,Hatchback
KayleighCox40,Kayleigh,Cox,40,Female,Cadillac,C-Class,2010,SUV
RobinSheppard79,Robin,Sheppard,79,Male,Bentley,G-Series G30,2011,SUV
KennethAndrews89,Kenneth,Andrews,89,Male,Kia,Tahoe,2007,Sedan
LynnMurray40,Lynn,Murray,40,Female,Pontiac,86,2013,SUV
NicolaAllen80,Nicola,Allen,80,Female,BMW,Eurovan,2014,Wagon
GlenDennis58,Glen,Dennis,58,Male,Nissan,Sonoma Regular Cab,2008,"Sedan, Coupe, Wagon"
RosemaryWilson91,Rosemary,Wilson,91,Female,Toyota,Quest,2016,Pickup
DorothyLane80,Dorothy,Lane,80,Female,Lincoln,SLS-Class,2015,Sedan
FrancescaWilson83,Francesca,Wilson,83,Female,Dodge,Safari Passenger,2003,"Hatchback, Convertible"
LorraineRandall46,Lorraine,Randall,46,Female,Honda,Tundra CrewMax,1997,Van/Minivan
JeanMann37,Jean,Mann,37,Female,Mercury,500e,2019,Pickup
AmandaKnight76,Amanda,Knight,76,Female,Chevrolet,Aerostar Cargo,2010,SUV
JaneTurner51,Jane,Turner,51,Female,Volvo,Dakota Regular Cab,1995,Convertible
OwenJones55,Owen,Jones,55,Male,Mercedes-Benz,Venza,2007,Coupe
MeganReid28,Megan,Reid,28,Female,Lexus,Impreza,2000,SUV
FionaO'Connor51,Fiona,O'Connor,51,Female,Land Rover,SLX,2018,Pickup
MarilynSmith90,Marilyn,Smith,90,Female,Hyundai,Accord,2009,Pickup
BillyWalker29,Billy,Walker,29,Male,Suzuki,Lumina Passenger,2002,Van/Minivan
AlexAli39,Alex,Ali,39,Male,Chevrolet,Sierra 3500 Crew Cab,2010,Coupe
KieranRobinson58,Kieran,Robinson,58,Male,BMW,Ram Wagon 2500,2006,Hatchback
ConorCox46,Conor,Cox,46,Male,Chevrolet,Impreza,2014,Pickup
KatherineTaylor56,Katherine,Taylor,56,Female,Pontiac,Wrangler,2016,Van/Minivan
BradleyJones63,Bradley,Jones,63,Male,GMC,Aveo,2004,Sedan
TinaRogers44,Tina,Rogers,44,Female,Volvo,Fleetwood,2003,Sedan
GeoffreyPhillips86,Geoffrey,Phillips,86,Male,Genesis,Renegade,2016,Sedan
RachaelClark71,Rachael,Clark,71,Female,Lincoln,Astro Passenger,2017,"Sedan, Coupe, Hatchback"
RitaJennings85,Rita,Jennings,85,Female,Dodge,Sonata,2016,Sedan
ZoeWebb85,Zoe,Webb,85,Female,Lexus,Suburban 2500,2012,Van/Minivan
FrancesBlake68,Frances,Blake,68,Female,Chrysler,900,1995,SUV
DonaldFrancis44,Donald,Francis,44,Male,Chevrolet,Traverse,2016,Pickup
MalcolmClarke90,Malcolm,Clarke,90,Male,Nissan,ELR,2016,Sedan
MohammedClark19,Mohammed,Clark,19,Male,Honda,Outlander,2019,Van/Minivan
MeganMarsh80,Megan,Marsh,80,Female,Chevrolet,Sunbird,1993,Hatchback
PatriciaRobinson28,Patricia,Robinson,28,Female,Dodge,6 Series,2012,Coupe
AllanFox50,Allan,Fox,50,Male,Chevrolet,Tahoe,2001,SUV
JakeCox82,Jake,Cox,82,Male,Volkswagen,E350 Super Duty Passenger,2005,Pickup
WilliamClarke86,William,Clarke,86,Male,GMC,Yukon XL 2500,2008,"Wagon, Sedan"
VictoriaClark34,Victoria,Clark,34,Female,Lexus,Ram 3500 Mega Cab,2004,Van/Minivan
GuyCarter71,Guy,Carter,71,Male,Audi,RAV4 Hybrid,2010,SUV
SuzanneWright36,Suzanne,Wright,36,Female,Buick,MX-6,2014,Sedan
ValerieRichardson74,Valerie,Richardson,74,Female,Mitsubishi,2500 Extended Cab,2019,SUV
GaryBrookes91,Gary,Brookes,91,Male,Land Rover,Rogue,1992,Pickup
JeffreyCameron46,Jeffrey,Cameron,46,Male,Chevrolet,H3,2019,SUV
ElliotEvans32,Elliot,Evans,32,Male,BMW,Soul EV,2014,Hatchback
JamieMurphy54,Jamie,Murphy,54,Male,Chevrolet,QX80,2004,Van/Minivan
JacobStanley84,Jacob,Stanley,84,Male,MAZDA,cube,2000,"Wagon, Sedan"
LukeKaur38,Luke,Kaur,38,Male,GMC,F350 Super Duty Super Cab,2002,Sedan
JoannaFowler39,Joanna,Fowler,39,Female,Audi,Canyon Crew Cab,2016,Van/Minivan
SuzanneWilkinson45,Suzanne,Wilkinson,45,Female,Volvo,RX,2007,Van/Minivan
IainWilliamson27,Iain,Williamson,27,Male,Chevrolet,V70,2016,Sedan
JoanneFowler62,Joanne,Fowler,62,Female,Mercedes-Benz,Express 1500 Cargo,2005,Sedan
CharlesBrennan50,Charles,Brennan,50,Male,BMW,LeSabre,2014,SUV
RuthRyan31,Ruth,Ryan,31,Female,Toyota,570S,1999,Convertible
HowardDoyle37,Howard,Doyle,37,Male,Porsche,GL-Class,1994,Van/Minivan
HughLambert65,Hugh,Lambert,65,Male,Ford,Q,2007,SUV
HowardPowell20,Howard,Powell,20,Male,Mitsubishi,Sierra (Classic) 3500 Extended Cab,1992,Van/Minivan
LawrenceBailey33,Lawrence,Bailey,33,Male,Honda,Ram 2500 Regular Cab,1998,Convertible
PaigeSaunders36,Paige,Saunders,36,Female,Maserati,Silverado 1500 Crew Cab,2013,"Sedan, Wagon, Convertible"
GeraldTaylor85,Gerald,Taylor,85,Male,Ford,Canyon Extended Cab,2000,Van/Minivan
StaceySutton70,Stacey,Sutton,70,Female,Porsche,Ram Van 3500,1998,Hatchback
HughEvans90,Hugh,Evans,90,Male,Toyota,Land Cruiser,1996,Sedan
MarcusMorris58,Marcus,Morris,58,Male,GMC,Fiesta,2019,Pickup
SamuelRees59,Samuel,Rees,59,Male,Mercedes-Benz,Z4,2012,Hatchback
JulianSheppard43,Julian,Sheppard,43,Male,Chevrolet,Montero Sport,1999,Pickup
AmyStone25,Amy,Stone,25,Female,Volkswagen,Prizm,2010,SUV
JuliaBurton80,Julia,Burton,80,Female,Land Rover,RC,1995,"Sedan, Wagon"
JodieRobinson77,Jodie,Robinson,77,Female,Mercedes-Benz,Cayman,2004,Hatchback
HeatherHarris65,Heather,Harris,65,Female,Hyundai,Vantage,2006,Hatchback
SaraStewart54,Sara,Stewart,54,Female,Saab,C-MAX Hybrid,2002,Sedan
ChristopherMarshall38,Christopher,Marshall,38,Male,Mercedes-Benz,Sierra 2500 HD Crew Cab,2004,Pickup
SarahStewart64,Sarah,Stewart,64,Female,Cadillac,MAZDA6,2006,Sedan
SamuelChapman48,Samuel,Chapman,48,Male,Volvo,MKT,2006,Wagon
RogerBrown28,Roger,Brown,28,Male,GMC,IS F,2001,Sedan
AbigailGreen65,Abigail,Green,65,Female,Dodge,Transit Connect Passenger,1993,Pickup
MariaDavies44,Maria,Davies,44,Female,Chrysler,7 Series,2001,SUV
DouglasHilton23,Douglas,Hilton,23,Male,Lamborghini,Outback,2005,Coupe
NathanGibson37,Nathan,Gibson,37,Male,Dodge,Yukon XL 1500,2006,SUV
NatashaKennedy51,Natasha,Kennedy,51,Female,Saturn,Trooper,2017,Van/Minivan
LydiaDavies79,Lydia,Davies,79,Female,Nissan,Supra,2019,Sedan
RitaGriffiths38,Rita,Griffiths,38,Female,Toyota,Tundra Double Cab,2017,SUV
KennethChambers53,Kenneth,Chambers,53,Male,Subaru,Cabrio,1994,Sedan
SallyRowe77,Sally,Rowe,77,Female,Toyota,F250 Super Cab,2011,SUV
RebeccaSmith78,Rebecca,Smith,78,Female,Lexus,Sonata Plug-in Hybrid,2014,Coupe
LeonardHarris77,Leonard,Harris,77,Male,Rolls-Royce,Colorado Crew Cab,2003,Sedan
JillPearce69,Jill,Pearce,69,Female,Volkswagen,Sierra 3500 HD Regular Cab,1992,SUV
DominicWebb48,Dominic,Webb,48,Male,Buick,M3,2012,Coupe
RobertFerguson31,Robert,Ferguson,31,Male,Mercedes-Benz,RC,1994,SUV
VincentMiah74,Vincent,Miah,74,Male,Land Rover,TITAN XD Crew Cab,2015,Sedan
GlenBaker26,Glen,Baker,26,Male,Mitsubishi,Alpina B7,1994,"Sedan, Hatchback"
RogerSmith70,Roger,Smith,70,Male,Dodge,Milan,2012,Sedan
CallumMorris36,Callum,Morris,36,Male,Ford,Express 2500 Passenger,2019,Van/Minivan
RoyMason20,Roy,Mason,20,Male,Chevrolet,M-Class,2013,Van/Minivan
MathewBennett36,Mathew,Bennett,36,Male,Chevrolet,Range Rover,2011,SUV
SamanthaTaylor31,Samantha,Taylor,31,Female,Honda,Civic,2000,SUV
FrankBegum61,Frank,Begum,61,Male,BMW,Edge,2016,Sedan
DennisWhittaker27,Dennis,Whittaker,27,Male,Honda,Sable,1994,Sedan
KathrynWilliams79,Kathryn,Williams,79,Female,Jeep,A8,2019,Pickup
RitaYoung84,Rita,Young,84,Female,Chrysler,3-Sep,2018,SUV
TerenceHudson41,Terence,Hudson,41,Male,Toyota,Sierra 1500 Regular Cab,2000,"Coupe, Convertible"
ShaneChambers55,Shane,Chambers,55,Male,Mercedes-Benz,Sierra 2500 HD Regular Cab,1999,Sedan
ShannonO'Neill44,Shannon,O'Neill,44,Female,Mercury,Envoy XUV,1995,SUV
SimonDavies64,Simon,Davies,64,Male,Bentley,SKY,2004,SUV
BethanNicholls81,Bethan,Nicholls,81,Female,Ford,Econoline E350 Cargo,1992,Pickup
MarcusYates24,Marcus,Yates,24,Male,Honda,F12berlinetta,2009,"Coupe, Sedan, Convertible"
JackHughes76,Jack,Hughes,76,Male,Mercedes-Benz,Sable,1992,Pickup
OwenBenson41,Owen,Benson,41,Male,Geo,Avalanche 2500,2015,Van/Minivan
TracyMellor27,Tracy,Mellor,27,Female,Mercury,PT Cruiser,2015,Wagon
TobyGray85,Toby,Gray,85,Male,Hyundai,S4,2016,Van/Minivan
OwenMistry87,Owen,Mistry,87,Male,Honda,Savana 1500 Cargo,2011,SUV
BarbaraGardiner89,Barbara,Gardiner,89,Female,Chevrolet,Optima (2006.5),1997,Coupe
JosephineKirby41,Josephine,Kirby,41,Female,Chrysler,G-Series G10,2008,Pickup
NicolaGordon71,Nicola,Gordon,71,Female,Chevrolet,Sunfire,2017,Van/Minivan
RichardReid41,Richard,Reid,41,Male,Lincoln,Ioniq Electric,2009,SUV
OliverHart51,Oliver,Hart,51,Male,Chevrolet,Fusion,2018,SUV
KarlBarber34,Karl,Barber,34,Male,Lincoln,X6,1999,Sedan
LouisElliott65,Louis,Elliott,65,Male,GMC,MX-5 Miata,2014,"Sedan, Hatchback"
AbdulKelly79,Abdul,Kelly,79,Male,Volkswagen,XJ,2006,Sedan
LouiseBarnett53,Louise,Barnett,53,Female,Mercedes-Benz,Tundra Double Cab,1994,SUV
ScottLyons61,Scott,Lyons,61,Male,Oldsmobile,S8,1995,Pickup
DenisShort54,Denis,Short,54,Male,Chevrolet,CLK-Class,1995,"Sedan, Hatchback"
ColinDavies86,Colin,Davies,86,Male,Jeep,XK,2011,Pickup
EmilyShaw37,Emily,Shaw,37,Female,GMC,Cascada,2008,SUV
MohamedLynch87,Mohamed,Lynch,87,Male,Land Rover,GTI,1996,Convertible
BenMartin84,Ben,Martin,84,Male,BMW,LS,2016,Hatchback
HenryPhillips86,Henry,Phillips,86,Male,Subaru,E350 Super Duty Cargo,2000,SUV
GemmaEvans37,Gemma,Evans,37,Female,Nissan,E350 Super Duty Cargo,2011,"Sedan, Wagon"
KieranReeves19,Kieran,Reeves,19,Male,INFINITI,S-Class,1994,Sedan
BethanGriffiths70,Bethan,Griffiths,70,Female,Chevrolet,Forte,2005,Van/Minivan
LukeStephenson27,Luke,Stephenson,27,Male,Ferrari,Stratus,1997,Sedan
DannyGiles83,Danny,Giles,83,Male,MAZDA,SVX,2005,Sedan
EmmaTaylor80,Emma,Taylor,80,Female,Cadillac,S-Class,2003,Sedan
RoyPugh37,Roy,Pugh,37,Male,Jaguar,Savana 3500 Passenger,1992,Pickup
SylviaWatson70,Sylvia,Watson,70,Female,Nissan,2500 Mega Cab,2014,SUV
NatalieBarber71,Natalie,Barber,71,Female,Porsche,RLX,2009,Hatchback
RachelMatthews18,Rachel,Matthews,18,Female,Volkswagen,Terrain,1999,Sedan
MathewLee86,Mathew,Lee,86,Male,GMC,Probe,2019,Sedan
MeganKhan85,Megan,Khan,85,Female,Buick,ES,2016,Coupe
JoannaBrown89,Joanna,Brown,89,Female,Tesla,Sierra 1500 Extended Cab,1996,Sedan
IanMason52,Ian,Mason,52,Male,Chevrolet,Ranger Super Cab,2006,Van/Minivan
KieranWilliams56,Kieran,Williams,56,Male,Dodge,5-Sep,2011,Sedan
VincentTodd85,Vincent,Todd,85,Male,Chevrolet,Phantom,1994,Pickup
DeclanJones19,Declan,Jones,19,Male,GMC,Frontier King Cab,2004,SUV
MarcMitchell64,Marc,Mitchell,64,Male,Cadillac,Elantra GT,2012,Sedan
RogerWilliams91,Roger,Williams,91,Male,BMW,Explorer,2019,Hatchback
ElaineCunningham59,Elaine,Cunningham,59,Female,Honda,Sprinter WORKER Cargo,2018,Van/Minivan
OwenBarnett60,Owen,Barnett,60,Male,Lexus,A6,2016,Sedan
JeffreyHoward53,Jeffrey,Howard,53,Male,Audi,Seville,2008,SUV
LouiseHarrison44,Louise,Harrison,44,Female,Mitsubishi,Savana 2500 Passenger,2014,SUV
LeighTaylor24,Leigh,Taylor,24,Male,INFINITI,Continental,2007,Pickup
SheilaPrice65,Sheila,Price,65,Female,Dodge,Altima,2012,"Coupe, Convertible"
WendySmith75,Wendy,Smith,75,Female,Toyota,Sierra 3500 Extended Cab,1992,"Sedan, Wagon"
CliffordPrice70,Clifford,Price,70,Male,Nissan,B-Series Cab Plus,1996,"Convertible, Hatchback"
RosemaryKhan33,Rosemary,Khan,33,Female,Honda,Sonoma Club Coupe Cab,1997,SUV
RachelFry37,Rachel,Fry,37,Female,GMC,G,2017,SUV
JoshBall75,Josh,Ball,75,Male,BMW,Accord,2013,Pickup
HenryHussain45,Henry,Hussain,45,Male,GMC,A6,2005,"Coupe, Convertible"
KayleighGraham68,Kayleigh,Graham,68,Female,Nissan,Beretta,2002,Van/Minivan
LynnNorris30,Lynn,Norris,30,Female,Chevrolet,Passat,1998,Pickup
ConnorRoss32,Connor,Ross,32,Male,Ram,Tundra Double Cab,2013,Pickup
JaniceCarey47,Janice,Carey,47,Female,BMW,Ranger Super Cab,2013,Pickup
TraceyPotts27,Tracey,Potts,27,Female,Lexus,Blazer,2008,SUV
BethDay59,Beth,Day,59,Female,Dodge,Aveo,2001,Pickup
BarbaraPatterson40,Barbara,Patterson,40,Female,GMC,Outlander Sport,2008,Hatchback
VictorJones52,Victor,Jones,52,Male,Chevrolet,Sentra,2007,Van/Minivan
CherylWalker20,Cheryl,Walker,20,Female,Audi,Camry,2019,SUV
DamianMitchell55,Damian,Mitchell,55,Male,Ford,Savana 3500 Cargo,2005,Pickup
RoyDaniels50,Roy,Daniels,50,Male,Volkswagen,9000,2018,Van/Minivan
LynnBradley82,Lynn,Bradley,82,Female,GMC,CX-7,2012,Van/Minivan
MarcEdwards21,Marc,Edwards,21,Male,Nissan,F350 Super Duty Crew Cab,2012,SUV
RichardRoberts62,Richard,Roberts,62,Male,Dodge,Sierra 3500 HD Crew Cab,2017,Van/Minivan
BethanyWard35,Bethany,Ward,35,Female,BMW,Beretta,2007,Van/Minivan
SophieHale48,Sophie,Hale,48,Female,Volkswagen,fortwo electric drive cabrio,2007,Van/Minivan
SianWatkins22,Sian,Watkins,22,Female,Ram,Suburban 2500,2010,Pickup
GraemeFoster23,Graeme,Foster,23,Male,Buick,Suburban 2500,2004,Van/Minivan
OliviaWard38,Olivia,Ward,38,Female,Subaru,Nitro,2006,Van/Minivan
MatthewWelch53,Matthew,Welch,53,Male,GMC,G,2004,Pickup
PatrickHawkins25,Patrick,Hawkins,25,Male,Kia,Econoline E150 Cargo,2010,Sedan
PeterParkinson40,Peter,Parkinson,40,Male,Bentley,Catera,2007,SUV
TraceyAhmed30,Tracey,Ahmed,30,Female,Dodge,ATS-V,1995,Van/Minivan
AlexanderWallace21,Alexander,Wallace,21,Male,Audi,V40,2016,"Wagon, Sedan"
GarethFletcher27,Gareth,Fletcher,27,Male,Buick,G-Series G30,1996,SUV
BethCole32,Beth,Cole,32,Female,INFINITI,HS,1999,"Sedan, Wagon, Coupe"
ElliottJones30,Elliott,Jones,30,Male,Ford,Axiom,2009,Van/Minivan
SeanPickering32,Sean,Pickering,32,Male,Dodge,Savana 2500 Passenger,2005,Pickup
FionaAdams73,Fiona,Adams,73,Female,Mitsubishi,Crossfire,2010,SUV
KellyDickinson72,Kelly,Dickinson,72,Female,Chevrolet,Cayman,2016,Sedan
RonaldDavies54,Ronald,Davies,54,Male,Acura,GX,2019,Sedan
ShannonBegum52,Shannon,Begum,52,Female,Buick,MX-6,2013,Pickup
CarolEdwards62,Carol,Edwards,62,Female,Nissan,Explorer Sport Trac,2005,SUV
PhillipAllen54,Phillip,Allen,54,Male,Saab,TLX,2007,SUV
LauraWhite91,Laura,White,91,Female,Chevrolet,Jetta,2005,Sedan
GlenHunt56,Glen,Hunt,56,Male,INFINITI,Thunderbird,2017,SUV
WilliamHamilton67,William,Hamilton,67,Male,Toyota,2500 Regular Cab,2008,Van/Minivan
DylanCraig19,Dylan,Craig,19,Male,Mercedes-Benz,Discovery Sport,2006,Van/Minivan
BradleyJohnson90,Bradley,Johnson,90,Male,Chevrolet,Wrangler,2016,Hatchback
JoannaTurner70,Joanna,Turner,70,Female,Chevrolet,Q5,2011,Sedan
HughFowler81,Hugh,Fowler,81,Male,Kia,Paceman,2016,Sedan
CraigWhite40,Craig,White,40,Male,BMW,Ghibli,2012,Hatchback
RitaPrice55,Rita,Price,55,Female,Mercedes-Benz,LS,1995,SUV
ClaireNoble91,Claire,Noble,91,Female,Chevrolet,F350 Crew Cab,2000,Van/Minivan
LynneGallagher44,Lynne,Gallagher,44,Female,Ford,Cruze,1995,SUV
RossMarshall40,Ross,Marshall,40,Male,Mercedes-Benz,MR2,2006,SUV
HarryYoung37,Harry,Young,37,Male,Chevrolet,2500 Regular Cab,2006,Wagon
NicholasGray69,Nicholas,Gray,69,Male,Hyundai,Maxima,1995,SUV
RobinCook69,Robin,Cook,69,Male,Hyundai,Wrangler,2005,Sedan
DenisPerry44,Denis,Perry,44,Male,Chevrolet,GranTurismo,1994,SUV
AndrewWhite28,Andrew,White,28,Male,Chevrolet,S-Class,2011,Sedan
RitaWilkins63,Rita,Wilkins,63,Female,Ford,Focus,1996,SUV
RoyReid32,Roy,Reid,32,Male,Cadillac,Highlander,2005,Coupe
DylanBrown23,Dylan,Brown,23,Male,Audi,Escape,2020,Pickup
EllieWilliams65,Ellie,Williams,65,Female,Ford,fortwo,2008,Pickup
EricLee25,Eric,Lee,25,Male,Chevrolet,Elantra,1998,Pickup
ConorShah71,Conor,Shah,71,Male,Cadillac,Legacy,2016,Pickup
PaulRobertson89,Paul,Robertson,89,Male,Ford,M6,1999,SUV
HannahBrookes32,Hannah,Brookes,32,Female,Hyundai,2500 Mega Cab,2004,SUV
CarolynPage77,Carolyn,Page,77,Female,Mercedes-Benz,A3,2016,Pickup
JamieFraser28,Jamie,Fraser,28,Male,Lexus,500L,2010,Hatchback
KateTalbot43,Kate,Talbot,43,Female,Ford,Uplander Passenger,2019,Van/Minivan
GraemeGallagher68,Graeme,Gallagher,68,Male,GMC,Beretta,2016,"Sedan, Coupe, Hatchback"
GlennBurgess33,Glenn,Burgess,33,Male,Volkswagen,Impreza,2018,Pickup
JacquelineBoyle85,Jacqueline,Boyle,85,Female,Hyundai,XC40,1998,SUV
MaxOwen34,Max,Owen,34,Male,Hyundai,Grand Caravan Cargo,2019,"Wagon, Sedan"
LeanneClayton19,Leanne,Clayton,19,Female,Ford,Mustang,2000,Pickup
MichellePayne47,Michelle,Payne,47,Female,BMW,Sorento,2019,Van/Minivan
CarlyLambert23,Carly,Lambert,23,Female,GMC,Grand Am,2007,Sedan
BenjaminBrown35,Benjamin,Brown,35,Male,BMW,Savana 3500 Passenger,2008,Sedan
DonnaBradley50,Donna,Bradley,50,Female,MAZDA,Beetle,2009,"Sedan, Coupe"
JoyceSmart22,Joyce,Smart,22,Female,GMC,Convertible,2011,Coupe
DerekHewitt78,Derek,Hewitt,78,Male,Toyota,MPV,2018,Coupe
EllieBuckley58,Ellie,Buckley,58,Female,Mercury,Century,2007,SUV
DuncanFord66,Duncan,Ford,66,Male,Kia,M3,2017,"Sedan, Wagon"
AnnetteWallace88,Annette,Wallace,88,Female,Saturn,S80,1992,SUV
CameronSaunders70,Cameron,Saunders,70,Male,Audi,Sonata,2019,Sedan
NeilCampbell56,Neil,Campbell,56,Male,MAZDA,200SX,2015,SUV
MelanieSimpson34,Melanie,Simpson,34,Female,Lincoln,F350 Super Duty Crew Cab,2004,Coupe
LiamKay61,Liam,Kay,61,Male,Pontiac,Venza,2014,Convertible
LorraineWilliamson75,Lorraine,Williamson,75,Female,GMC,RL,2020,Sedan
LouiseMetcalfe65,Louise,Metcalfe,65,Female,Ford,Silverado (Classic) 3500 Extended Cab,2001,Pickup
GeraldineMason44,Geraldine,Mason,44,Female,Acura,900,1999,Sedan
LaurenHawkins67,Lauren,Hawkins,67,Female,Nissan,Suburban 2500,2007,SUV
KimJohnson84,Kim,Johnson,84,Female,BMW,NV200 Taxi,2020,Van/Minivan
LewisJones73,Lewis,Jones,73,Male,GMC,E350 Super Duty Cargo,2006,Sedan
DawnRoss51,Dawn,Ross,51,Female,Dodge,Tiguan,2012,"Convertible, Coupe"
SianDonnelly21,Sian,Donnelly,21,Female,GMC,Suburban,1998,SUV
MarilynParsons19,Marilyn,Parsons,19,Female,Suzuki,MPV,2016,"Sedan, Wagon"
CarlyStokes53,Carly,Stokes,53,Female,GMC,Accord,2007,Van/Minivan
RobertOwen65,Robert,Owen,65,Male,Isuzu,Montero,2011,Pickup
GuyParker60,Guy,Parker,60,Male,Oldsmobile,Sierra (Classic) 2500 HD Regular Cab,2019,Van/Minivan
BethStephenson84,Beth,Stephenson,84,Female,Toyota,Passat,2018,"Coupe, Convertible"
JosephineRice64,Josephine,Rice,64,Female,Nissan,E-Class,2008,"Sedan, Wagon"
RogerParker55,Roger,Parker,55,Male,Ford,SL-Class,2005,SUV
GeraldinePatel24,Geraldine,Patel,24,Female,Nissan,Blackwood,2002,SUV
AmberFreeman90,Amber,Freeman,90,Female,Dodge,CX-30,2000,Sedan
KimberleyDixon40,Kimberley,Dixon,40,Female,Jeep,Rogue,2010,"Sedan, Coupe"
GerardMcLean53,Gerard,McLean,53,Male,Ford,Safari Passenger,2000,Van/Minivan
ElizabethBrown73,Elizabeth,Brown,73,Female,Chevrolet,Convertible,1997,Sedan
BradleyLewis47,Bradley,Lewis,47,Male,smart,Prius c,1994,Van/Minivan
DuncanPrice24,Duncan,Price,24,Male,Honda,Ghibli,2018,Sedan
JohnFerguson34,John,Ferguson,34,Male,Lincoln,MAZDA2,2008,Van/Minivan
BryanParkes27,Bryan,Parkes,27,Male,Cadillac,Contour,2020,Pickup
DeclanFinch23,Declan,Finch,23,Male,GMC,MDX,2003,Coupe
JoelMiddleton65,Joel,Middleton,65,Male,Nissan,Silverado (Classic) 2500 HD Extended Cab,2005,Hatchback
MichaelWilliams87,Michael,Williams,87,Male,Ford,Altima,2016,"Wagon, Sedan"
RossLaw47,Ross,Law,47,Male,Suzuki,Mustang,1997,Coupe
LeanneAndrews86,Leanne,Andrews,86,Female,Chevrolet,Impreza,2003,Van/Minivan
KimGibson39,Kim,Gibson,39,Female,Mitsubishi,Ram Wagon B350,1994,Sedan
KeithJones48,Keith,Jones,48,Male,Toyota,Beretta,2009,Van/Minivan
TeresaPotter61,Teresa,Potter,61,Female,Nissan,M6,2017,Pickup
LouisDavies59,Louis,Davies,59,Male,Acura,488 GTB,2002,Sedan
JenniferWall25,Jennifer,Wall,25,Female,Dodge,Range Rover,1997,Pickup
GeraldHughes49,Gerald,Hughes,49,Male,Pontiac,Legacy,1996,Sedan
MaryAustin87,Mary,Austin,87,Female,Subaru,SLK-Class,2012,"Sedan, Hatchback"
IainWilkinson56,Iain,Wilkinson,56,Male,Ford,Grand Cherokee,2011,"Wagon, Sedan"
RogerPope57,Roger,Pope,57,Male,Volvo,LR2,2020,Pickup
MaryFlynn84,Mary,Flynn,84,Female,Daewoo,B9 Tribeca,2016,"Sedan, Coupe"
GeorgiaThompson22,Georgia,Thompson,22,Female,Buick,Camry,2019,SUV
AlexDean33,Alex,Dean,33,Male,Mercedes-Benz,3500 Club Coupe,2004,Van/Minivan
GordonDavies72,Gordon,Davies,72,Male,Freightliner,Altima,2007,"Sedan, Wagon"
AntonyKing83,Antony,King,83,Male,Porsche,CX-3,2013,Pickup
TrevorSykes64,Trevor,Sykes,64,Male,Mercedes-Benz,Trooper,2015,SUV
NaomiTaylor59,Naomi,Taylor,59,Female,Eagle,5 Series,2013,Van/Minivan
SarahWilkins88,Sarah,Wilkins,88,Female,Lotus,Tundra Double Cab,2018,"Coupe, Convertible"
JustinDoyle38,Justin,Doyle,38,Male,Tesla,Neon,2010,"Coupe, Convertible"
ShirleyNewman47,Shirley,Newman,47,Female,Kia,Savana 2500 Passenger,2015,SUV
DanielHudson31,Daniel,Hudson,31,Male,Rolls-Royce,Sierra 2500 HD Crew Cab,2005,Van/Minivan
JacquelineMatthews61,Jacqueline,Matthews,61,Female,GMC,Silverado 2500 HD Crew Cab,2000,"Sedan, Hatchback"
JordanMills28,Jordan,Mills,28,Male,Jaguar,Q7,2005,Sedan
MargaretRobinson91,Margaret,Robinson,91,Female,Chevrolet,Tahoe,2007,"Sedan, Wagon"
MarilynBradley74,Marilyn,Bradley,74,Female,Hyundai,XK,1997,Sedan
ElliottJones77,Elliott,Jones,77,Male,Aston Martin,Tracker,1993,Wagon
AshleighJohnson36,Ashleigh,Johnson,36,Female,Aston Martin,Silverado 3500 HD Regular Cab,1997,Van/Minivan
DeborahDavies28,Deborah,Davies,28,Female,Geo,X5,2002,Sedan
DeborahBartlett88,Deborah,Bartlett,88,Female,GMC,Cayenne,1996,Pickup
MohamedGallagher47,Mohamed,Gallagher,47,Male,Mercedes-Benz,RAV4,2011,Coupe
JemmaJones80,Jemma,Jones,80,Female,Audi,NV1500 Cargo,2006,Van/Minivan
LiamRyan20,Liam,Ryan,20,Male,Jeep,Sunfire,2015,Sedan
ClareEdwards20,Clare,Edwards,20,Female,Pontiac,e-Golf,1997,Pickup
KellyMoss80,Kelly,Moss,80,Female,Honda,Rocky,1996,Sedan
KyleAli83,Kyle,Ali,83,Male,Buick,Equinox,1999,Pickup
